-- phpMyAdmin SQL Dump
-- version 4.0.10.18
-- https://www.phpmyadmin.net
--
-- Host: localhost:3306
-- Generation Time: Apr 08, 2017 at 07:52 PM
-- Server version: 10.1.21-MariaDB-cll-lve
-- PHP Version: 5.6.30

SET SQL_MODE = "NO_AUTO_VALUE_ON_ZERO";
SET time_zone = "+00:00";


/*!40101 SET @OLD_CHARACTER_SET_CLIENT=@@CHARACTER_SET_CLIENT */;
/*!40101 SET @OLD_CHARACTER_SET_RESULTS=@@CHARACTER_SET_RESULTS */;
/*!40101 SET @OLD_COLLATION_CONNECTION=@@COLLATION_CONNECTION */;
/*!40101 SET NAMES utf8 */;

--
-- Database: `ktxfdtzl_samir`
--

-- --------------------------------------------------------

--
-- Table structure for table `clasificacion`
--

CREATE TABLE IF NOT EXISTS `clasificacion` (
  `id_clasificacion` int(11) NOT NULL AUTO_INCREMENT,
  `nombre` varchar(100) NOT NULL,
  `descripcion` varchar(500) DEFAULT NULL,
  `fecha_registro` timestamp NOT NULL DEFAULT CURRENT_TIMESTAMP,
  `estado` int(11) NOT NULL DEFAULT '1',
  PRIMARY KEY (`id_clasificacion`)
) ENGINE=MyISAM  DEFAULT CHARSET=utf8 AUTO_INCREMENT=11 ;

--
-- Dumping data for table `clasificacion`
--

INSERT INTO `clasificacion` (`id_clasificacion`, `nombre`, `descripcion`, `fecha_registro`, `estado`) VALUES
(1, 'ACEROS', '', '2016-05-02 15:08:17', 0),
(2, 'OTRO', '', '2016-05-02 15:17:32', 0),
(4, '10', '', '2016-05-02 16:54:11', 0),
(3, 'ACEROS', '', '2016-05-02 16:30:00', 0),
(5, 'METALES', 'producto principal', '2016-05-24 13:04:25', 1),
(6, 'Plasticos', 'Producto nuevo', '2016-05-24 13:04:42', 1),
(7, 'Vidrios', 'producto 2016 eeeee', '2016-05-24 13:04:56', 1),
(8, 'prueba', 'prueba', '2016-06-21 07:48:24', 0),
(9, 'nueva clasificacion', 'ejemplo', '2016-10-23 05:43:01', 0),
(10, 'Liquidos', 'Son todos los aceites y combustibles', '2017-03-01 08:16:17', 1);

-- --------------------------------------------------------

--
-- Table structure for table `cliente`
--

CREATE TABLE IF NOT EXISTS `cliente` (
  `id_cliente` int(11) NOT NULL AUTO_INCREMENT,
  `ruc` varchar(20) NOT NULL,
  `razon_social` varchar(100) NOT NULL,
  `descripcion` varchar(500) NOT NULL,
  `direccion` varchar(100) NOT NULL,
  `telefono` varchar(9) NOT NULL,
  `correo` varchar(100) NOT NULL,
  `contacto` varchar(100) NOT NULL,
  `fecha_registro` timestamp NOT NULL DEFAULT CURRENT_TIMESTAMP,
  `estado` int(11) NOT NULL DEFAULT '1',
  PRIMARY KEY (`id_cliente`)
) ENGINE=MyISAM  DEFAULT CHARSET=utf8 AUTO_INCREMENT=13 ;

--
-- Dumping data for table `cliente`
--

INSERT INTO `cliente` (`id_cliente`, `ruc`, `razon_social`, `descripcion`, `direccion`, `telefono`, `correo`, `contacto`, `fecha_registro`, `estado`) VALUES
(1, '44222335622', 'Recicladores PerySAC', 'Cliente principal', 'Jr pallasca 444 urb covida Los olivos', '014288811', 'recicladores.peru2016@gmail.com', 'Frederick Guzman 984447731', '2016-05-04 17:32:23', 1),
(2, '21123124577', 'FREDERICK METALES', 'Cliente principal 2', 'Jr Casuarnias/ Espalda del Ovalo Gutierrez Miraflores', '998488277', 'ratmetal11@hotmail.com', 'Hector Guzman 998488277 // Hermanos guzman', '2016-05-04 17:34:03', 1),
(3, '10334897015', 'Jorge rosales huanca', 'Cliente secundaria', 'Av. Los portales N°345 ', '925254503', 'ventasrosales@hotmail.com', 'Jenny palacios', '2016-05-09 18:32:36', 1),
(4, '10234897029', 'Jean esquizabal peralez', 'Cliente 3', 'Jiron rosales N°45 ', '977254534', 'jeanesquizabal@hotmail.com', 'Fabiola carbajal', '2016-05-09 18:36:18', 1),
(5, '10554897003', 'Jose Cantera ranteria', 'Cliente 8', 'Av. Naranjal n°23 ', '933254507', 'josecantera@gmail.com', 'Celinda osorio', '2016-05-09 18:41:39', 1),
(6, '10634897008', 'Carolina trujillo carlin', 'Cliente 9', 'Jiron pinedo N° 780 cuadra 5', '955254908', 'carolina137@gmail.com', 'Katherine clara', '2016-05-09 18:47:19', 1),
(7, '10224897085', 'Heraldine Tarazona Camacho', 'Cliente12', 'Av. Caral n°34', '977254524', 'heraldine@gmail.com', 'Maria mendoza', '2016-05-09 18:53:13', 1),
(8, '10469387009', 'Cristina villanueva osorio', 'Cliente 10', 'N°550 urb. Carabayllo distrito carabayllo', '988831232', 'cristinavillanueva@gmail.com', 'Heraldine osorio', '2016-05-09 18:55:46', 0),
(9, '10349897022', 'Julieta Roque Sandoval', 'Cliente 1', 'Jiron domingo N°110 urb.san carlos', '925254234', 'julieta2309@gmail.com', 'Andrea roque', '2016-05-09 19:01:29', 1),
(10, '10884897004', 'Esmeralda Espinosa bertelo', 'Cliente 13', 'Jr.Suarez N°450 ', '975233303', 'esmeralda1991@gmail.com', 'Esmeralda espinoza', '2016-05-09 19:29:43', 1),
(11, '20393239710', 'CONSTRUCTORA Y NEGOCIACIONES EL SOL S.A.C.', 'Cliente principal', 'Calle la fortaleza N°234', '934974503', 'CONSTRUCTORAYNEGOCIACIONESELSOL@gmail.com', 'Tannia espericueta', '2016-05-09 19:36:55', 1),
(12, '20983234711', 'FEDISAC E.I.R.L.', 'Clientes externo', 'Av. Las magnolias N°178', '925254577', 'FEDISAC2014@hotmail.com', 'Damaris carlos', '2016-05-09 19:40:03', 1);

-- --------------------------------------------------------

--
-- Table structure for table `colaborador`
--

CREATE TABLE IF NOT EXISTS `colaborador` (
  `id_colaborador` int(11) NOT NULL AUTO_INCREMENT,
  `dni` varchar(100) NOT NULL,
  `nombre` varchar(100) NOT NULL,
  `apellido` varchar(100) NOT NULL,
  `correo` varchar(100) NOT NULL,
  `direccion` varchar(100) NOT NULL,
  `fecha_registro` timestamp NOT NULL DEFAULT CURRENT_TIMESTAMP,
  `estado` int(11) NOT NULL DEFAULT '1',
  PRIMARY KEY (`id_colaborador`)
) ENGINE=MyISAM  DEFAULT CHARSET=utf8 AUTO_INCREMENT=7 ;

--
-- Dumping data for table `colaborador`
--

INSERT INTO `colaborador` (`id_colaborador`, `dni`, `nombre`, `apellido`, `correo`, `direccion`, `fecha_registro`, `estado`) VALUES
(5, '06370772', 'Lourdes Gregoria', 'Huarcaya Ludeña', 'lourder.aceros16@hotmail.com', '-', '2016-05-21 09:00:00', 1),
(4, '06277722', 'Daniela', 'Bautista Rios', 'bautista.acer16@gmail.com', '-', '2016-05-21 09:00:00', 1),
(3, '787487878', 'SMITH', 'LOPEZ', 'lopez@gmail.com', '-', '2016-05-10 09:00:00', 0),
(2, '96874563', 'LISET', 'CALIXTO', 'liset@gmail.com', 'su casa', '2016-05-10 09:00:00', 0),
(1, '12345678', 'SAMIR', 'BALBIM', 'samir@gmail.com', '85241', '2016-05-10 19:51:39', 1),
(6, '06855445', 'Jose Luis', 'Lozano Rodas', 'jose.lozano13@outlook.com', '-', '2016-05-21 09:00:00', 1);

-- --------------------------------------------------------

--
-- Table structure for table `detalle_pedido`
--

CREATE TABLE IF NOT EXISTS `detalle_pedido` (
  `id_detallepedido` int(11) NOT NULL AUTO_INCREMENT,
  `id_pedido` varchar(100) NOT NULL,
  `id_producto` int(11) NOT NULL,
  `cantidad` float NOT NULL,
  `precio` float NOT NULL,
  `estado` int(11) NOT NULL DEFAULT '1',
  PRIMARY KEY (`id_detallepedido`)
) ENGINE=MyISAM  DEFAULT CHARSET=utf8 AUTO_INCREMENT=57 ;

--
-- Dumping data for table `detalle_pedido`
--

INSERT INTO `detalle_pedido` (`id_detallepedido`, `id_pedido`, `id_producto`, `cantidad`, `precio`, `estado`) VALUES
(43, 'PEDI000000019', 5, 194.3, 650, 1),
(42, 'PEDI000000018', 7, 173.1, 600, 1),
(41, 'PEDI000000017', 8, 84.1, 700, 1),
(40, 'PEDI000000016', 6, 194.2, 670, 1),
(39, 'PEDI000000015', 6, 198.3, 670, 1),
(38, 'PEDI000000014', 5, 194.4, 650, 1),
(37, 'PEDI000000013', 5, 194.2, 650, 1),
(36, 'PEDI000000012', 7, 174.5, 600, 1),
(35, 'PEDI000000011', 8, 82.3, 700, 1),
(34, 'PEDI000000010', 6, 192.7, 670, 1),
(33, 'PEDI000000009', 6, 195.3, 670, 1),
(32, 'PEDI000000008', 5, 195, 650, 1),
(31, 'PEDI000000007', 5, 192, 650, 1),
(30, 'PEDI000000006', 7, 172.5, 600, 1),
(29, 'PEDI000000005', 8, 85.5, 700, 1),
(28, 'PEDI000000004', 6, 192.2, 670, 1),
(27, 'PEDI000000003', 6, 195.5, 670, 1),
(26, 'PEDI000000002', 5, 195.5, 650, 1),
(25, 'PEDI000000001', 5, 192.5, 650, 1),
(44, 'PEDI000000020', 5, 190.1, 650, 1),
(45, 'PEDI000000021', 6, 190.3, 670, 1),
(46, 'PEDI000000022', 6, 190.6, 670, 1),
(47, 'PEDI000000023', 8, 80.4, 700, 1),
(48, 'PEDI000000024', 7, 170.3, 600, 1),
(49, 'PEDI000000025', 5, 80.3, 650, 1),
(50, 'PEDI000000026', 8, 36.2, 700, 1),
(51, 'PEDI000000027', 7, 30.7, 600, 1),
(52, 'PEDI000000028', 6, 98.2, 670, 1),
(53, 'PEDI000000029', 6, 3, 670, 0),
(54, 'PEDI000000030', 5, 120, 650, 1),
(55, 'PEDI000000031', 8, 44.4, 700, 1),
(56, 'PEDI000000032', 9, 5, 12, 1);

-- --------------------------------------------------------

--
-- Table structure for table `factura`
--

CREATE TABLE IF NOT EXISTS `factura` (
  `id_factura` int(11) NOT NULL AUTO_INCREMENT,
  `id_pedido` varchar(100) NOT NULL,
  `fecha_registro` timestamp NOT NULL DEFAULT CURRENT_TIMESTAMP,
  `estado` int(11) NOT NULL DEFAULT '1',
  PRIMARY KEY (`id_factura`)
) ENGINE=MyISAM  DEFAULT CHARSET=utf8 AUTO_INCREMENT=63 ;

--
-- Dumping data for table `factura`
--

INSERT INTO `factura` (`id_factura`, `id_pedido`, `fecha_registro`, `estado`) VALUES
(46, 'PEDI000000016', '2016-06-06 11:22:50', 1),
(45, 'PEDI000000015', '2016-06-06 11:21:39', 1),
(44, 'PEDI000000014', '2016-06-06 11:19:21', 1),
(33, 'PEDI000000003', '2016-06-06 10:20:59', 1),
(43, 'PEDI000000013', '2016-06-06 11:17:45', 1),
(42, 'PEDI000000012', '2016-06-06 11:03:58', 1),
(41, 'PEDI000000011', '2016-06-06 11:03:00', 1),
(40, 'PEDI000000010', '2016-06-06 11:01:56', 1),
(34, 'PEDI000000004', '2016-06-06 10:22:48', 1),
(35, 'PEDI000000005', '2016-06-06 10:33:57', 1),
(36, 'PEDI000000006', '2016-06-06 10:35:33', 1),
(37, 'PEDI000000007', '2016-06-06 10:58:27', 1),
(38, 'PEDI000000008', '2016-06-06 10:59:31', 1),
(39, 'PEDI000000009', '2016-06-06 11:00:30', 1),
(32, 'PEDI000000002', '2016-06-06 10:17:56', 1),
(31, 'PEDI000000001', '2016-06-06 10:14:57', 1),
(47, 'PEDI000000017', '2016-06-06 11:24:33', 1),
(48, 'PEDI000000018', '2016-06-06 11:26:35', 1),
(49, 'PEDI000000019', '2016-06-06 11:28:46', 1),
(50, 'PEDI000000020', '2016-06-06 11:30:11', 1),
(51, 'PEDI000000021', '2016-06-06 11:31:22', 1),
(52, 'PEDI000000022', '2016-06-06 11:32:29', 1),
(53, 'PEDI000000023', '2016-06-06 11:51:38', 1),
(54, 'PEDI000000024', '2016-06-06 11:53:45', 1),
(55, 'PEDI000000025', '2016-06-09 14:51:49', 1),
(56, 'PEDI000000026', '2016-06-09 14:58:31', 1),
(57, 'PEDI000000027', '2016-06-09 15:20:53', 1),
(58, 'PEDI000000028', '2016-06-09 15:25:33', 1),
(59, 'PEDI000000029', '2016-07-11 15:22:30', 1),
(60, 'PEDI000000030', '2016-10-17 14:58:20', 1),
(61, 'PEDI000000031', '2016-10-23 06:51:26', 1),
(62, 'PEDI000000032', '2017-03-01 08:19:59', 1);

-- --------------------------------------------------------

--
-- Table structure for table `movimiento`
--

CREATE TABLE IF NOT EXISTS `movimiento` (
  `id_movimiento` int(11) NOT NULL AUTO_INCREMENT,
  `id_proveedor` int(11) NOT NULL,
  `id_producto` int(11) NOT NULL,
  `numero_factura` varchar(11) NOT NULL,
  `cantidad` float NOT NULL,
  `precio` float NOT NULL,
  `total` float NOT NULL,
  `tipo` int(11) NOT NULL,
  `fecha` date NOT NULL,
  `fecha_registro` timestamp NOT NULL DEFAULT CURRENT_TIMESTAMP,
  `estado` int(11) NOT NULL DEFAULT '1',
  PRIMARY KEY (`id_movimiento`)
) ENGINE=MyISAM  DEFAULT CHARSET=utf8 AUTO_INCREMENT=1025 ;

--
-- Dumping data for table `movimiento`
--

INSERT INTO `movimiento` (`id_movimiento`, `id_proveedor`, `id_producto`, `numero_factura`, `cantidad`, `precio`, `total`, `tipo`, `fecha`, `fecha_registro`, `estado`) VALUES
(76, 3, 5, '01-000005\n', 9, 490, 4410, 1, '2016-05-07', '2016-05-07 13:44:23', 2),
(77, 4, 5, '01-000004\n', 5, 473, 2365, 1, '2016-05-02', '2016-05-02 14:26:20', 2),
(78, 4, 5, '01-000003\n', 8, 496, 3968, 1, '2016-05-03', '2016-05-03 17:55:04', 2),
(79, 4, 5, '01-000009\n', 7, 463, 3241, 1, '2016-05-04', '2016-05-04 09:46:54', 2),
(80, 4, 5, '01-000005\n', 5, 473, 2365, 1, '2016-05-05', '2016-05-05 12:32:34', 2),
(81, 4, 5, '01-000007\n', 9, 475, 4275, 1, '2016-05-06', '2016-05-06 17:52:49', 2),
(82, 4, 5, '01-000002\n', 6, 494, 2964, 1, '2016-05-07', '2016-05-07 14:59:28', 2),
(83, 5, 5, '01-000002\n', 8, 478, 3824, 1, '2016-05-02', '2016-05-02 13:31:16', 2),
(84, 5, 5, '01-000004\n', 7, 493, 3451, 1, '2016-05-03', '2016-05-03 14:43:35', 2),
(90, 6, 5, '01-000009\n', 5, 476, 2380, 1, '2016-05-03', '2016-05-03 15:24:01', 2),
(89, 6, 5, '01-000008\n', 7, 480, 3360, 1, '2016-05-02', '2016-05-02 13:31:11', 2),
(88, 5, 5, '01-000001\n', 7, 455, 3185, 1, '2016-05-07', '2016-05-07 13:30:40', 2),
(87, 5, 5, '01-000006\n', 7, 459, 3213, 1, '2016-05-06', '2016-05-06 17:47:18', 2),
(86, 5, 5, '01-000005\n', 8, 460, 3680, 1, '2016-05-05', '2016-05-05 13:12:57', 2),
(85, 5, 5, '01-000007\n', 9, 472, 4248, 1, '2016-05-04', '2016-05-04 10:46:53', 2),
(72, 3, 5, '01-000005\n', 6, 487, 2922, 1, '2016-05-03', '2016-05-03 14:39:54', 2),
(73, 3, 5, '01-000002\n', 9, 450, 4050, 1, '2016-05-04', '2016-05-04 13:47:09', 2),
(74, 3, 5, '01-000003\n', 8, 473, 3784, 1, '2016-05-05', '2016-05-05 15:56:09', 2),
(75, 3, 5, '01-000009\n', 6, 480, 2880, 1, '2016-05-06', '2016-05-06 11:31:44', 2),
(70, 2, 5, '01-000009\n', 5, 485, 2425, 1, '2016-05-07', '2016-05-07 16:21:13', 2),
(71, 3, 5, '01-000002\n', 5, 485, 2425, 1, '2016-05-02', '2016-05-02 16:15:01', 2),
(69, 2, 5, '01-000004\n', 9, 500, 4500, 1, '2016-05-06', '2016-05-06 10:43:40', 2),
(66, 2, 5, '01-000007\n', 9, 462, 4158, 1, '2016-05-03', '2016-05-03 13:04:22', 2),
(63, 1, 5, '01-000003\n', 8, 462, 3696, 1, '2016-05-06', '2016-05-06 14:32:25', 2),
(64, 1, 5, '01-000009\n', 7, 494, 3458, 1, '2016-05-07', '2016-05-07 10:12:19', 2),
(65, 2, 5, '01-000006\n', 8, 482, 3856, 1, '2016-05-02', '2016-05-02 09:15:00', 2),
(68, 2, 5, '01-000005\n', 6, 469, 2814, 1, '2016-05-05', '2016-05-05 14:11:57', 2),
(67, 2, 5, '01-000009\n', 9, 461, 4149, 1, '2016-05-04', '2016-05-04 10:35:47', 2),
(61, 1, 5, '01-000008\n', 6, 456, 2736, 1, '2016-05-04', '2016-05-04 11:10:59', 2),
(62, 1, 5, '01-000006\n', 9, 457, 4113, 1, '2016-05-05', '2016-05-05 10:40:12', 2),
(59, 1, 5, '01-000010\n', 5, 458, 2290, 1, '2016-05-02', '2016-05-02 09:08:08', 2),
(60, 1, 5, '01-000002\n', 8, 489, 3912, 1, '2016-05-03', '2016-05-03 16:24:05', 2),
(91, 6, 5, '01-000006\n', 9, 455, 4095, 1, '2016-05-04', '2016-05-04 10:11:22', 2),
(92, 6, 5, '01-000008\n', 8, 479, 3832, 1, '2016-05-05', '2016-05-05 16:38:49', 2),
(93, 6, 5, '01-000002\n', 8, 477, 3816, 1, '2016-05-06', '2016-05-06 14:44:06', 2),
(94, 6, 5, '01-000008\n', 5, 475, 2375, 1, '2016-05-07', '2016-05-07 16:25:37', 2),
(95, 7, 5, '01-000005\n', 6, 467, 2802, 1, '2016-05-02', '2016-05-02 13:48:26', 2),
(96, 7, 5, '01-000007\n', 7, 468, 3276, 1, '2016-05-03', '2016-05-03 16:18:50', 2),
(97, 7, 5, '01-000006\n', 9, 477, 4293, 1, '2016-05-04', '2016-05-04 17:14:28', 2),
(98, 7, 5, '01-000004\n', 5, 485, 2425, 1, '2016-05-05', '2016-05-05 14:31:09', 2),
(99, 7, 5, '01-000006\n', 8, 450, 3600, 1, '2016-05-06', '2016-05-06 13:01:33', 2),
(100, 7, 5, '01-000008\n', 8, 488, 3904, 1, '2016-05-07', '2016-05-07 13:19:50', 2),
(101, 8, 5, '01-000001\n', 9, 484, 4356, 1, '2016-05-02', '2016-05-02 15:26:25', 2),
(102, 8, 5, '01-000002\n', 7, 488, 3416, 1, '2016-05-03', '2016-05-03 09:07:59', 2),
(103, 8, 5, '01-000006\n', 6, 493, 2958, 1, '2016-05-04', '2016-05-04 16:23:37', 2),
(104, 8, 5, '01-000002\n', 8, 457, 3656, 1, '2016-05-05', '2016-05-05 12:51:49', 2),
(105, 8, 5, '01-000005\n', 6, 473, 2838, 1, '2016-05-06', '2016-05-06 12:36:37', 2),
(106, 8, 5, '01-000008\n', 6, 491, 2946, 1, '2016-05-07', '2016-05-07 17:08:52', 2),
(107, 9, 5, '01-000005\n', 9, 488, 4392, 1, '2016-05-02', '2016-05-02 13:56:05', 2),
(108, 9, 5, '01-000005\n', 8, 457, 3656, 1, '2016-05-03', '2016-05-03 09:33:19', 2),
(109, 9, 5, '01-000008\n', 6, 483, 2898, 1, '2016-05-04', '2016-05-04 17:32:11', 2),
(110, 9, 5, '01-000003\n', 5, 466, 2330, 1, '2016-05-05', '2016-05-05 10:57:07', 2),
(111, 9, 5, '01-000002\n', 7, 462, 3234, 1, '2016-05-06', '2016-05-06 12:11:49', 2),
(112, 9, 5, '01-000006\n', 9, 471, 4239, 1, '2016-05-07', '2016-05-07 10:35:22', 2),
(113, 10, 5, '01-000008\n', 6, 500, 3000, 1, '2016-05-02', '2016-05-02 15:30:48', 2),
(114, 10, 5, '01-000004\n', 5, 457, 2285, 1, '2016-05-03', '2016-05-03 12:29:29', 2),
(115, 10, 5, '01-000006\n', 5, 484, 2420, 1, '2016-05-04', '2016-05-04 13:11:14', 2),
(116, 10, 5, '01-000008\n', 9, 472, 4248, 1, '2016-05-05', '2016-05-05 17:36:30', 2),
(117, 10, 5, '01-000004\n', 7, 486, 3402, 1, '2016-05-06', '2016-05-06 15:17:37', 2),
(118, 10, 5, '01-000001\n', 5, 486, 2430, 1, '2016-05-07', '2016-05-07 12:08:16', 2),
(119, 1, 6, '01-000003\n', 9, 487, 4383, 1, '2016-05-02', '2016-05-02 13:27:14', 2),
(120, 1, 6, '01-000005\n', 9, 475, 4275, 1, '2016-05-03', '2016-05-03 11:45:45', 2),
(121, 1, 6, '01-000007\n', 7, 514, 3598, 1, '2016-05-04', '2016-05-04 11:10:18', 2),
(122, 1, 6, '01-000008\n', 9, 506, 4554, 1, '2016-05-05', '2016-05-05 17:49:15', 2),
(123, 1, 6, '01-000010\n', 8, 520, 4160, 1, '2016-05-06', '2016-05-06 14:01:15', 2),
(124, 1, 6, '01-000008\n', 8, 513, 4104, 1, '2016-05-07', '2016-05-07 12:42:39', 2),
(125, 2, 6, '01-000004\n', 9, 520, 4680, 1, '2016-05-02', '2016-05-02 11:56:59', 2),
(126, 2, 6, '01-000001\n', 8, 485, 3880, 1, '2016-05-03', '2016-05-03 17:57:42', 2),
(127, 2, 6, '01-000002\n', 7, 518, 3626, 1, '2016-05-04', '2016-05-04 13:25:10', 2),
(128, 2, 6, '01-000003\n', 8, 498, 3984, 1, '2016-05-05', '2016-05-05 09:36:14', 2),
(129, 2, 6, '01-000005\n', 5, 474, 2370, 1, '2016-05-06', '2016-05-06 09:51:21', 2),
(130, 2, 6, '01-000004\n', 8, 475, 3800, 1, '2016-05-07', '2016-05-07 17:25:25', 2),
(131, 3, 6, '01-000009\n', 9, 519, 4671, 1, '2016-05-02', '2016-05-02 10:41:23', 2),
(132, 3, 6, '01-000010\n', 7, 502, 3514, 1, '2016-05-03', '2016-05-03 14:06:01', 2),
(133, 3, 6, '01-000009\n', 6, 506, 3036, 1, '2016-05-04', '2016-05-04 15:43:32', 2),
(134, 3, 6, '01-000004\n', 9, 485, 4365, 1, '2016-05-05', '2016-05-05 09:37:40', 2),
(135, 3, 6, '01-000003\n', 6, 486, 2916, 1, '2016-05-06', '2016-05-06 13:21:49', 2),
(136, 3, 6, '01-000004\n', 8, 520, 4160, 1, '2016-05-07', '2016-05-07 15:22:03', 2),
(137, 4, 6, '01-000005\n', 9, 515, 4635, 1, '2016-05-02', '2016-05-02 13:49:12', 2),
(138, 4, 6, '01-000005\n', 6, 498, 2988, 1, '2016-05-03', '2016-05-03 15:29:13', 2),
(139, 4, 6, '01-000005\n', 5, 512, 2560, 1, '2016-05-04', '2016-05-04 13:27:53', 2),
(140, 4, 6, '01-000005\n', 8, 472, 3776, 1, '2016-05-05', '2016-05-05 16:04:51', 2),
(141, 4, 6, '01-000002\n', 6, 478, 2868, 1, '2016-05-06', '2016-05-06 13:55:31', 2),
(142, 4, 6, '01-000004\n', 7, 520, 3640, 1, '2016-05-07', '2016-05-07 09:25:23', 2),
(143, 5, 6, '01-000001\n', 7, 479, 3353, 1, '2016-05-02', '2016-05-02 16:30:29', 2),
(144, 5, 6, '01-000005\n', 5, 491, 2455, 1, '2016-05-03', '2016-05-03 14:20:27', 2),
(145, 5, 6, '01-000007\n', 7, 516, 3612, 1, '2016-05-04', '2016-05-04 16:18:07', 2),
(146, 5, 6, '01-000006\n', 6, 498, 2988, 1, '2016-05-05', '2016-05-05 12:18:56', 2),
(147, 5, 6, '01-000010\n', 7, 509, 3563, 1, '2016-05-06', '2016-05-06 14:32:00', 2),
(148, 5, 6, '01-000007\n', 7, 471, 3297, 1, '2016-05-07', '2016-05-07 11:49:23', 2),
(149, 6, 6, '01-000006\n', 7, 498, 3486, 1, '2016-05-02', '2016-05-02 15:45:10', 2),
(150, 6, 6, '01-000004\n', 6, 475, 2850, 1, '2016-05-03', '2016-05-03 09:34:08', 2),
(151, 6, 6, '01-000006\n', 5, 515, 2575, 1, '2016-05-04', '2016-05-04 14:06:23', 2),
(152, 6, 6, '01-000002\n', 8, 512, 4096, 1, '2016-05-05', '2016-05-05 16:43:41', 2),
(153, 6, 6, '01-000003\n', 8, 493, 3944, 1, '2016-05-06', '2016-05-06 11:34:20', 2),
(154, 6, 6, '01-000004\n', 8, 478, 3824, 1, '2016-05-07', '2016-05-07 12:07:47', 2),
(155, 7, 6, '01-000008\n', 8, 507, 4056, 1, '2016-05-02', '2016-05-02 17:13:00', 2),
(156, 7, 6, '01-000009\n', 5, 504, 2520, 1, '2016-05-03', '2016-05-03 11:39:52', 2),
(157, 7, 6, '01-000009\n', 7, 497, 3479, 1, '2016-05-04', '2016-05-04 15:30:46', 2),
(158, 7, 6, '01-000004\n', 5, 485, 2425, 1, '2016-05-05', '2016-05-05 12:21:10', 2),
(159, 7, 6, '01-000001\n', 7, 513, 3591, 1, '2016-05-06', '2016-05-06 11:25:46', 2),
(160, 7, 6, '01-000006\n', 6, 485, 2910, 1, '2016-05-07', '2016-05-07 15:46:00', 2),
(161, 8, 6, '01-000005\n', 5, 498, 2490, 1, '2016-05-02', '2016-05-02 10:51:06', 2),
(162, 8, 6, '01-000003\n', 6, 501, 3006, 1, '2016-05-03', '2016-05-03 15:10:03', 2),
(163, 8, 6, '01-000008\n', 9, 491, 4419, 1, '2016-05-04', '2016-05-04 16:44:06', 2),
(164, 8, 6, '01-000001\n', 5, 513, 2565, 1, '2016-05-05', '2016-05-05 10:46:35', 2),
(165, 8, 6, '01-000010\n', 8, 483, 3864, 1, '2016-05-06', '2016-05-06 14:23:32', 2),
(166, 8, 6, '01-000004\n', 6, 500, 3000, 1, '2016-05-07', '2016-05-07 12:00:43', 2),
(167, 9, 6, '01-000009\n', 6, 483, 2898, 1, '2016-05-02', '2016-05-02 09:42:54', 2),
(168, 9, 6, '01-000005\n', 9, 505, 4545, 1, '2016-05-03', '2016-05-03 13:46:39', 2),
(169, 9, 6, '01-000002\n', 9, 478, 4302, 1, '2016-05-04', '2016-05-04 14:24:41', 2),
(170, 9, 6, '01-000004\n', 7, 491, 3437, 1, '2016-05-05', '2016-05-05 16:43:57', 2),
(171, 9, 6, '01-000007\n', 6, 502, 3012, 1, '2016-05-06', '2016-05-06 11:20:34', 2),
(172, 9, 6, '01-000003\n', 5, 508, 2540, 1, '2016-05-07', '2016-05-07 17:26:45', 2),
(173, 10, 6, '01-000010\n', 6, 486, 2916, 1, '2016-05-02', '2016-05-02 16:40:43', 2),
(174, 10, 6, '01-000006\n', 6, 506, 3036, 1, '2016-05-03', '2016-05-03 10:45:02', 2),
(175, 10, 6, '01-000002\n', 9, 486, 4374, 1, '2016-05-04', '2016-05-04 09:11:01', 2),
(176, 10, 6, '01-000005\n', 6, 492, 2952, 1, '2016-05-05', '2016-05-05 12:56:54', 2),
(177, 10, 6, '01-000004\n', 9, 482, 4338, 1, '2016-05-06', '2016-05-06 16:29:19', 2),
(178, 10, 6, '01-000008\n', 8, 502, 4016, 1, '2016-05-07', '2016-05-07 17:00:45', 2),
(179, 1, 8, '01-000008\n', 2, 530, 1060, 1, '2016-05-02', '2016-05-02 14:16:40', 2),
(180, 1, 8, '01-000007\n', 1, 533, 533, 1, '2016-05-03', '2016-05-03 09:55:38', 2),
(181, 1, 8, '01-000003\n', 2, 549, 1098, 1, '2016-05-04', '2016-05-04 13:37:36', 2),
(182, 1, 8, '01-000003\n', 1, 544, 544, 1, '2016-05-05', '2016-05-05 09:53:23', 2),
(183, 1, 8, '01-000003\n', 1, 514, 514, 1, '2016-05-06', '2016-05-06 14:08:23', 2),
(184, 1, 8, '01-000009\n', 1, 541, 541, 1, '2016-05-07', '2016-05-07 15:33:59', 2),
(185, 2, 8, '01-000004\n', 1, 501, 501, 1, '2016-05-02', '2016-05-02 11:20:15', 2),
(186, 2, 8, '01-000009\n', 1, 528, 528, 1, '2016-05-03', '2016-05-03 10:17:42', 2),
(187, 2, 8, '01-000002\n', 2, 531, 1062, 1, '2016-05-04', '2016-05-04 11:48:37', 2),
(188, 2, 8, '01-000006\n', 2, 541, 1082, 1, '2016-05-05', '2016-05-05 14:28:28', 2),
(189, 2, 8, '01-000009\n', 2, 523, 1046, 1, '2016-05-06', '2016-05-06 17:27:24', 2),
(190, 2, 8, '01-000008\n', 2, 517, 1034, 1, '2016-05-07', '2016-05-07 11:38:00', 2),
(191, 3, 8, '01-000008\n', 2, 517, 1034, 1, '2016-05-02', '2016-05-02 09:48:15', 2),
(192, 3, 8, '01-000002\n', 2, 514, 1028, 1, '2016-05-03', '2016-05-03 14:50:08', 2),
(193, 3, 8, '01-000003\n', 2, 507, 1014, 1, '2016-05-04', '2016-05-04 09:13:44', 2),
(194, 3, 8, '01-000003\n', 2, 543, 1086, 1, '2016-05-05', '2016-05-05 17:49:03', 2),
(195, 3, 8, '01-000001\n', 1, 519, 519, 1, '2016-05-06', '2016-05-06 11:09:41', 2),
(196, 3, 8, '01-000001\n', 1, 512, 512, 1, '2016-05-07', '2016-05-07 09:18:31', 2),
(197, 4, 8, '01-000010\n', 2, 531, 1062, 1, '2016-05-02', '2016-05-02 12:26:24', 2),
(198, 4, 8, '01-000006\n', 1, 541, 541, 1, '2016-05-03', '2016-05-03 09:14:09', 2),
(199, 4, 8, '01-000004\n', 1, 540, 540, 1, '2016-05-04', '2016-05-04 13:25:51', 2),
(200, 4, 8, '01-000010\n', 2, 507, 1014, 1, '2016-05-05', '2016-05-05 13:02:38', 2),
(201, 4, 8, '01-000008\n', 2, 521, 1042, 1, '2016-05-06', '2016-05-06 13:22:02', 2),
(202, 4, 8, '01-000009\n', 2, 512, 1024, 1, '2016-05-07', '2016-05-07 12:49:03', 2),
(203, 5, 8, '01-000010\n', 2, 544, 1088, 1, '2016-05-02', '2016-05-02 17:36:08', 2),
(204, 5, 8, '01-000005\n', 1, 545, 545, 1, '2016-05-03', '2016-05-03 12:42:02', 2),
(205, 5, 8, '01-000001\n', 2, 530, 1060, 1, '2016-05-04', '2016-05-04 10:48:48', 2),
(206, 5, 8, '01-000006\n', 2, 540, 1080, 1, '2016-05-05', '2016-05-05 15:58:04', 2),
(207, 5, 8, '01-000009\n', 2, 520, 1040, 1, '2016-05-06', '2016-05-06 11:15:26', 2),
(208, 5, 8, '01-000004\n', 2, 545, 1090, 1, '2016-05-07', '2016-05-07 13:26:44', 2),
(209, 6, 8, '01-000004\n', 2, 534, 1068, 1, '2016-05-02', '2016-05-02 15:02:23', 2),
(210, 6, 8, '01-000004\n', 2, 530, 1060, 1, '2016-05-03', '2016-05-03 15:35:57', 2),
(211, 6, 8, '01-000005\n', 1, 533, 533, 1, '2016-05-04', '2016-05-04 13:23:11', 2),
(212, 6, 8, '01-000005\n', 2, 501, 1002, 1, '2016-05-05', '2016-05-05 09:54:15', 2),
(213, 6, 8, '01-000009\n', 2, 534, 1068, 1, '2016-05-06', '2016-05-06 11:50:54', 2),
(214, 6, 8, '01-000006\n', 1, 515, 515, 1, '2016-05-07', '2016-05-07 13:04:00', 2),
(215, 7, 8, '01-000007\n', 1, 520, 520, 1, '2016-05-02', '2016-05-02 13:33:17', 2),
(216, 7, 8, '01-000007\n', 1, 537, 537, 1, '2016-05-03', '2016-05-03 17:15:39', 2),
(217, 7, 8, '01-000003\n', 1, 506, 506, 1, '2016-05-04', '2016-05-04 10:29:02', 2),
(218, 7, 8, '01-000010\n', 2, 505, 1010, 1, '2016-05-05', '2016-05-05 12:20:00', 2),
(219, 7, 8, '01-000009\n', 2, 548, 1096, 1, '2016-05-06', '2016-05-06 12:45:07', 2),
(220, 7, 8, '01-000005\n', 1, 546, 546, 1, '2016-05-07', '2016-05-07 11:09:26', 2),
(221, 8, 8, '01-000004\n', 2, 519, 1038, 1, '2016-05-02', '2016-05-02 10:46:56', 2),
(222, 8, 8, '01-000008\n', 1, 502, 502, 1, '2016-05-03', '2016-05-03 13:47:13', 2),
(223, 8, 8, '01-000004\n', 2, 539, 1078, 1, '2016-05-04', '2016-05-04 14:33:36', 2),
(224, 8, 8, '01-000009\n', 2, 519, 1038, 1, '2016-05-05', '2016-05-05 09:45:39', 2),
(225, 8, 8, '01-000002\n', 2, 545, 1090, 1, '2016-05-06', '2016-05-06 16:57:14', 2),
(226, 8, 8, '01-000001\n', 2, 523, 1046, 1, '2016-05-07', '2016-05-07 12:19:26', 2),
(227, 9, 8, '01-000002\n', 2, 501, 1002, 1, '2016-05-02', '2016-05-02 14:57:09', 2),
(228, 9, 8, '01-000004\n', 1, 518, 518, 1, '2016-05-03', '2016-05-03 11:43:50', 2),
(229, 9, 8, '01-000007\n', 2, 545, 1090, 1, '2016-05-04', '2016-05-04 09:51:08', 2),
(230, 9, 8, '01-000006\n', 1, 520, 520, 1, '2016-05-05', '2016-05-05 10:22:57', 2),
(231, 9, 8, '01-000008\n', 2, 537, 1074, 1, '2016-05-06', '2016-05-06 16:31:40', 2),
(232, 9, 8, '01-000010\n', 2, 520, 1040, 1, '2016-05-07', '2016-05-07 17:11:00', 2),
(233, 10, 8, '01-000001\n', 2, 534, 1068, 1, '2016-05-02', '2016-05-02 11:42:15', 2),
(234, 10, 8, '01-000007\n', 2, 542, 1084, 1, '2016-05-03', '2016-05-03 10:48:32', 2),
(235, 10, 8, '01-000004\n', 1, 547, 547, 1, '2016-05-04', '2016-05-04 13:15:34', 2),
(236, 10, 8, '01-000002\n', 1, 509, 509, 1, '2016-05-05', '2016-05-05 11:50:41', 2),
(237, 10, 8, '01-000005\n', 2, 502, 1004, 1, '2016-05-06', '2016-05-06 11:19:46', 2),
(238, 10, 8, '01-000004\n', 1, 506, 506, 1, '2016-05-07', '2016-05-07 14:04:28', 2),
(239, 1, 7, '01-000007\n', 2, 407, 814, 1, '2016-05-02', '2016-05-02 11:41:44', 2),
(240, 1, 7, '01-000006\n', 4, 443, 1772, 1, '2016-05-03', '2016-05-03 09:48:56', 2),
(241, 1, 7, '01-000001\n', 2, 413, 826, 1, '2016-05-04', '2016-05-04 13:58:19', 2),
(242, 1, 7, '01-000004\n', 4, 410, 1640, 1, '2016-05-05', '2016-05-05 17:02:31', 2),
(243, 1, 7, '01-000009\n', 4, 421, 1684, 1, '2016-05-06', '2016-05-06 11:52:35', 2),
(244, 1, 7, '01-000005\n', 4, 403, 1612, 1, '2016-05-07', '2016-05-07 14:45:15', 2),
(245, 2, 7, '01-000010\n', 2, 405, 810, 1, '2016-05-02', '2016-05-02 17:26:05', 2),
(246, 2, 7, '01-000006\n', 4, 424, 1696, 1, '2016-05-03', '2016-05-03 10:08:00', 2),
(247, 2, 7, '01-000005\n', 2, 414, 828, 1, '2016-05-04', '2016-05-04 11:19:02', 2),
(248, 2, 7, '01-000008\n', 2, 449, 898, 1, '2016-05-05', '2016-05-05 14:50:42', 2),
(249, 2, 7, '01-000005\n', 4, 443, 1772, 1, '2016-05-06', '2016-05-06 16:01:42', 2),
(250, 2, 7, '01-000006\n', 3, 442, 1326, 1, '2016-05-07', '2016-05-07 17:15:40', 2),
(251, 3, 7, '01-000007\n', 3, 438, 1314, 1, '2016-05-02', '2016-05-02 12:05:29', 2),
(252, 3, 7, '01-000006\n', 2, 412, 824, 1, '2016-05-03', '2016-05-03 12:43:47', 2),
(253, 3, 7, '01-000005\n', 2, 415, 830, 1, '2016-05-04', '2016-05-04 11:28:19', 2),
(254, 3, 7, '01-000004\n', 3, 434, 1302, 1, '2016-05-05', '2016-05-05 10:49:48', 2),
(255, 3, 7, '01-000003\n', 4, 419, 1676, 1, '2016-05-06', '2016-05-06 10:40:50', 2),
(256, 3, 7, '01-000008\n', 3, 401, 1203, 1, '2016-05-07', '2016-05-07 15:33:33', 2),
(257, 4, 7, '01-000005\n', 3, 436, 1308, 1, '2016-05-02', '2016-05-02 14:05:37', 2),
(258, 4, 7, '01-000005\n', 4, 447, 1788, 1, '2016-05-03', '2016-05-03 12:43:12', 2),
(259, 4, 7, '01-000003\n', 3, 408, 1224, 1, '2016-05-04', '2016-05-04 16:08:30', 2),
(260, 4, 7, '01-000007\n', 2, 450, 900, 1, '2016-05-05', '2016-05-05 17:00:31', 2),
(261, 4, 7, '01-000003\n', 3, 445, 1335, 1, '2016-05-06', '2016-05-06 14:38:45', 2),
(262, 4, 7, '01-000010\n', 2, 400, 800, 1, '2016-05-07', '2016-05-07 14:22:08', 2),
(263, 5, 7, '01-000004\n', 3, 434, 1302, 1, '2016-05-02', '2016-05-02 09:59:22', 2),
(264, 5, 7, '01-000001\n', 3, 413, 1239, 1, '2016-05-03', '2016-05-03 16:12:44', 2),
(265, 5, 7, '01-000004\n', 2, 405, 810, 1, '2016-05-04', '2016-05-04 17:25:21', 2),
(266, 5, 7, '01-000004\n', 4, 440, 1760, 1, '2016-05-05', '2016-05-05 13:40:23', 2),
(267, 5, 7, '01-000007\n', 2, 446, 892, 1, '2016-05-06', '2016-05-06 17:16:52', 2),
(268, 5, 7, '01-000001\n', 4, 427, 1708, 1, '2016-05-07', '2016-05-07 13:50:43', 2),
(269, 6, 7, '01-000006\n', 2, 407, 814, 1, '2016-05-02', '2016-05-02 11:12:36', 2),
(270, 6, 7, '01-000007\n', 4, 435, 1740, 1, '2016-05-03', '2016-05-03 17:02:14', 2),
(271, 6, 7, '01-000010\n', 3, 422, 1266, 1, '2016-05-04', '2016-05-04 10:30:54', 2),
(272, 6, 7, '01-000007\n', 3, 447, 1341, 1, '2016-05-05', '2016-05-05 17:02:31', 2),
(273, 6, 7, '01-000003\n', 2, 414, 828, 1, '2016-05-06', '2016-05-06 10:17:08', 2),
(274, 6, 7, '01-000005\n', 2, 432, 864, 1, '2016-05-07', '2016-05-07 14:21:28', 2),
(275, 7, 7, '01-000004\n', 4, 413, 1652, 1, '2016-05-02', '2016-05-02 17:44:52', 2),
(276, 7, 7, '01-000001\n', 3, 406, 1218, 1, '2016-05-03', '2016-05-03 12:28:38', 2),
(277, 7, 7, '01-000006\n', 2, 415, 830, 1, '2016-05-04', '2016-05-04 12:25:08', 2),
(278, 7, 7, '01-000007\n', 4, 400, 1600, 1, '2016-05-05', '2016-05-05 12:04:22', 2),
(279, 7, 7, '01-000004\n', 4, 446, 1784, 1, '2016-05-06', '2016-05-06 17:29:41', 2),
(280, 7, 7, '01-000010\n', 3, 414, 1242, 1, '2016-05-07', '2016-05-07 14:18:07', 2),
(281, 8, 7, '01-000007\n', 4, 423, 1692, 1, '2016-05-02', '2016-05-02 12:55:14', 2),
(282, 8, 7, '01-000010\n', 4, 436, 1744, 1, '2016-05-03', '2016-05-03 16:03:42', 2),
(283, 8, 7, '01-000004\n', 3, 421, 1263, 1, '2016-05-04', '2016-05-04 10:47:44', 2),
(284, 8, 7, '01-000008\n', 3, 401, 1203, 1, '2016-05-05', '2016-05-05 16:10:30', 2),
(285, 8, 7, '01-000006\n', 2, 430, 860, 1, '2016-05-06', '2016-05-06 11:32:36', 2),
(286, 8, 7, '01-000003\n', 2, 408, 816, 1, '2016-05-07', '2016-05-07 09:43:46', 2),
(287, 9, 7, '01-000006\n', 4, 403, 1612, 1, '2016-05-02', '2016-05-02 13:10:57', 2),
(288, 9, 7, '01-000009\n', 4, 432, 1728, 1, '2016-05-03', '2016-05-03 16:14:49', 2),
(289, 9, 7, '01-000010\n', 2, 403, 806, 1, '2016-05-04', '2016-05-04 10:34:53', 2),
(290, 9, 7, '01-000001\n', 3, 449, 1347, 1, '2016-05-05', '2016-05-05 14:58:20', 2),
(291, 9, 7, '01-000007\n', 3, 402, 1206, 1, '2016-05-06', '2016-05-06 16:41:43', 2),
(292, 9, 7, '01-000001\n', 2, 402, 804, 1, '2016-05-07', '2016-05-07 17:10:35', 2),
(293, 10, 7, '01-000004\n', 3, 401, 1203, 1, '2016-05-02', '2016-05-02 09:48:14', 2),
(294, 10, 7, '01-000008\n', 4, 440, 1760, 1, '2016-05-03', '2016-05-03 13:14:41', 2),
(295, 10, 7, '01-000006\n', 4, 403, 1612, 1, '2016-05-04', '2016-05-04 09:50:57', 2),
(296, 10, 7, '01-000008\n', 4, 400, 1600, 1, '2016-05-05', '2016-05-05 17:06:51', 2),
(297, 10, 7, '01-000001\n', 3, 431, 1293, 1, '2016-05-06', '2016-05-06 12:30:20', 2),
(298, 10, 7, '01-000007\n', 3, 440, 1320, 1, '2016-05-07', '2016-05-07 09:24:37', 2),
(299, 1, 5, '01-000009\n', 9, 484, 4356, 1, '2016-05-09', '2016-05-09 10:39:04', 2),
(300, 1, 5, '01-000008\n', 8, 484, 3872, 1, '2016-05-10', '2016-05-10 10:43:08', 2),
(301, 1, 5, '01-000003\n', 9, 456, 4104, 1, '2016-05-11', '2016-05-11 10:28:18', 2),
(302, 1, 5, '01-000005\n', 5, 496, 2480, 1, '2016-05-12', '2016-05-12 14:52:23', 2),
(303, 1, 5, '01-000009\n', 9, 495, 4455, 1, '2016-05-13', '2016-05-13 17:41:57', 2),
(304, 1, 5, '01-000004\n', 8, 485, 3880, 1, '2016-05-14', '2016-05-14 11:09:28', 2),
(305, 2, 5, '01-000001\n', 9, 466, 4194, 1, '2016-05-09', '2016-05-09 14:57:50', 2),
(306, 2, 5, '01-000010\n', 9, 475, 4275, 1, '2016-05-10', '2016-05-10 13:33:47', 2),
(307, 2, 5, '01-000002\n', 5, 463, 2315, 1, '2016-05-11', '2016-05-11 13:58:01', 2),
(308, 2, 5, '01-000004\n', 8, 461, 3688, 1, '2016-05-12', '2016-05-12 14:04:23', 2),
(309, 2, 5, '01-000008\n', 9, 474, 4266, 1, '2016-05-13', '2016-05-13 15:46:03', 2),
(310, 2, 5, '01-000009\n', 8, 476, 3808, 1, '2016-05-14', '2016-05-14 16:52:06', 2),
(311, 3, 5, '01-000010\n', 7, 491, 3437, 1, '2016-05-09', '2016-05-09 12:01:11', 2),
(312, 3, 5, '01-000010\n', 5, 497, 2485, 1, '2016-05-10', '2016-05-10 17:38:55', 2),
(313, 3, 5, '01-000004\n', 7, 471, 3297, 1, '2016-05-11', '2016-05-11 17:11:38', 2),
(314, 3, 5, '01-000001\n', 9, 466, 4194, 1, '2016-05-12', '2016-05-12 10:43:07', 2),
(315, 3, 5, '01-000008\n', 5, 453, 2265, 1, '2016-05-13', '2016-05-13 17:52:51', 2),
(316, 3, 5, '01-000001\n', 6, 499, 2994, 1, '2016-05-14', '2016-05-14 14:29:36', 2),
(317, 4, 5, '01-000002\n', 5, 469, 2345, 1, '2016-05-09', '2016-05-09 09:59:44', 2),
(318, 4, 5, '01-000003\n', 6, 494, 2964, 1, '2016-05-10', '2016-05-10 13:29:06', 2),
(319, 4, 5, '01-000009\n', 8, 453, 3624, 1, '2016-05-11', '2016-05-11 15:03:55', 2),
(320, 4, 5, '01-000009\n', 6, 500, 3000, 1, '2016-05-12', '2016-05-12 11:47:27', 2),
(321, 4, 5, '01-000001\n', 5, 458, 2290, 1, '2016-05-13', '2016-05-13 14:26:00', 2),
(322, 4, 5, '01-000003\n', 5, 476, 2380, 1, '2016-05-14', '2016-05-14 11:07:50', 2),
(323, 5, 5, '01-000009\n', 8, 466, 3728, 1, '2016-05-09', '2016-05-09 16:36:48', 2),
(324, 5, 5, '01-000002\n', 8, 456, 3648, 1, '2016-05-10', '2016-05-10 12:12:01', 2),
(325, 5, 5, '01-000007\n', 8, 452, 3616, 1, '2016-05-11', '2016-05-11 12:20:36', 2),
(326, 5, 5, '01-000008\n', 5, 460, 2300, 1, '2016-05-12', '2016-05-12 14:59:37', 2),
(327, 5, 5, '01-000001\n', 8, 495, 3960, 1, '2016-05-13', '2016-05-13 09:03:24', 2),
(328, 5, 5, '01-000003\n', 7, 454, 3178, 1, '2016-05-14', '2016-05-14 13:52:20', 2),
(329, 6, 5, '01-000006\n', 6, 491, 2946, 1, '2016-05-09', '2016-05-09 16:58:11', 2),
(330, 6, 5, '01-000009\n', 7, 466, 3262, 1, '2016-05-10', '2016-05-10 09:00:13', 2),
(331, 6, 5, '01-000009\n', 7, 465, 3255, 1, '2016-05-11', '2016-05-11 12:25:07', 2),
(332, 6, 5, '01-000010\n', 5, 500, 2500, 1, '2016-05-12', '2016-05-12 10:28:55', 2),
(333, 6, 5, '01-000005\n', 8, 487, 3896, 1, '2016-05-13', '2016-05-13 17:06:53', 2),
(334, 6, 5, '01-000009\n', 6, 490, 2940, 1, '2016-05-14', '2016-05-14 14:35:55', 2),
(335, 7, 5, '01-000006\n', 8, 479, 3832, 1, '2016-05-09', '2016-05-09 14:15:52', 2),
(336, 7, 5, '01-000005\n', 9, 474, 4266, 1, '2016-05-10', '2016-05-10 17:08:48', 2),
(337, 7, 5, '01-000001\n', 9, 480, 4320, 1, '2016-05-11', '2016-05-11 17:01:24', 2),
(338, 7, 5, '01-000010\n', 7, 450, 3150, 1, '2016-05-12', '2016-05-12 16:38:29', 2),
(339, 7, 5, '01-000009\n', 6, 462, 2772, 1, '2016-05-13', '2016-05-13 16:35:03', 2),
(340, 7, 5, '01-000007\n', 9, 488, 4392, 1, '2016-05-14', '2016-05-14 10:32:30', 2),
(341, 8, 5, '01-000010\n', 7, 485, 3395, 1, '2016-05-09', '2016-05-09 17:30:52', 2),
(342, 8, 5, '01-000006\n', 5, 494, 2470, 1, '2016-05-10', '2016-05-10 15:33:13', 2),
(343, 8, 5, '01-000009\n', 6, 466, 2796, 1, '2016-05-11', '2016-05-11 16:55:35', 2),
(344, 8, 5, '01-000007\n', 8, 472, 3776, 1, '2016-05-12', '2016-05-12 15:50:05', 2),
(345, 8, 5, '01-000009\n', 9, 490, 4410, 1, '2016-05-13', '2016-05-13 11:50:56', 2),
(346, 8, 5, '01-000009\n', 6, 490, 2940, 1, '2016-05-14', '2016-05-14 16:15:54', 2),
(347, 9, 5, '01-000002\n', 9, 469, 4221, 1, '2016-05-09', '2016-05-09 14:19:51', 2),
(348, 9, 5, '01-000005\n', 6, 486, 2916, 1, '2016-05-10', '2016-05-10 16:40:04', 2),
(349, 9, 5, '01-000003\n', 7, 459, 3213, 1, '2016-05-11', '2016-05-11 15:48:46', 2),
(350, 9, 5, '01-000004\n', 9, 485, 4365, 1, '2016-05-12', '2016-05-12 10:09:49', 2),
(351, 9, 5, '01-000001\n', 6, 471, 2826, 1, '2016-05-13', '2016-05-13 16:18:47', 2),
(352, 9, 5, '01-000002\n', 6, 460, 2760, 1, '2016-05-14', '2016-05-14 10:13:28', 2),
(353, 10, 5, '01-000010\n', 5, 467, 2335, 1, '2016-05-09', '2016-05-09 16:41:01', 2),
(354, 10, 5, '01-000002\n', 8, 478, 3824, 1, '2016-05-10', '2016-05-10 11:07:43', 2),
(355, 10, 5, '01-000006\n', 5, 497, 2485, 1, '2016-05-11', '2016-05-11 14:54:46', 2),
(356, 10, 5, '01-000003\n', 5, 464, 2320, 1, '2016-05-12', '2016-05-12 10:06:50', 2),
(357, 10, 5, '01-000002\n', 7, 485, 3395, 1, '2016-05-13', '2016-05-13 13:15:50', 2),
(358, 10, 5, '01-000005\n', 9, 475, 4275, 1, '2016-05-14', '2016-05-14 11:36:55', 2),
(359, 1, 6, '01-000008\n', 8, 484, 3872, 1, '2016-05-09', '2016-05-09 16:38:43', 2),
(360, 1, 6, '01-000008\n', 7, 493, 3451, 1, '2016-05-10', '2016-05-10 13:31:11', 2),
(361, 1, 6, '01-000008\n', 6, 520, 3120, 1, '2016-05-11', '2016-05-11 10:48:54', 2),
(362, 1, 6, '01-000005\n', 8, 470, 3760, 1, '2016-05-12', '2016-05-12 13:29:11', 2),
(363, 1, 6, '01-000005\n', 7, 516, 3612, 1, '2016-05-13', '2016-05-13 12:34:03', 2),
(364, 1, 6, '01-000005\n', 6, 501, 3006, 1, '2016-05-14', '2016-05-14 13:06:04', 2),
(365, 2, 6, '01-000009\n', 5, 484, 2420, 1, '2016-05-09', '2016-05-09 13:06:21', 2),
(366, 2, 6, '01-000005\n', 9, 508, 4572, 1, '2016-05-10', '2016-05-10 09:10:49', 2),
(367, 2, 6, '01-000005\n', 9, 501, 4509, 1, '2016-05-11', '2016-05-11 10:11:40', 2),
(368, 2, 6, '01-000003\n', 8, 476, 3808, 1, '2016-05-12', '2016-05-12 17:00:30', 2),
(369, 2, 6, '01-000001\n', 8, 474, 3792, 1, '2016-05-13', '2016-05-13 11:27:50', 2),
(370, 2, 6, '01-000002\n', 7, 515, 3605, 1, '2016-05-14', '2016-05-14 14:35:33', 2),
(371, 3, 6, '01-000004\n', 6, 504, 3024, 1, '2016-05-09', '2016-05-09 10:34:57', 2),
(372, 3, 6, '01-000009\n', 8, 517, 4136, 1, '2016-05-10', '2016-05-10 10:53:01', 2),
(373, 3, 6, '01-000007\n', 7, 493, 3451, 1, '2016-05-11', '2016-05-11 09:36:32', 2),
(374, 3, 6, '01-000010\n', 9, 473, 4257, 1, '2016-05-12', '2016-05-12 09:07:43', 2),
(375, 3, 6, '01-000010\n', 9, 514, 4626, 1, '2016-05-13', '2016-05-13 09:12:50', 2),
(376, 3, 6, '01-000002\n', 6, 490, 2940, 1, '2016-05-14', '2016-05-14 16:55:38', 2),
(377, 4, 6, '01-000003\n', 7, 516, 3612, 1, '2016-05-09', '2016-05-09 13:52:05', 2),
(378, 4, 6, '01-000006\n', 6, 493, 2958, 1, '2016-05-10', '2016-05-10 17:41:04', 2),
(379, 4, 6, '01-000007\n', 7, 493, 3451, 1, '2016-05-11', '2016-05-11 09:09:43', 2),
(380, 4, 6, '01-000008\n', 7, 494, 3458, 1, '2016-05-12', '2016-05-12 12:44:55', 2),
(381, 4, 6, '01-000010\n', 5, 494, 2470, 1, '2016-05-13', '2016-05-13 11:00:39', 2),
(382, 4, 6, '01-000003\n', 5, 505, 2525, 1, '2016-05-14', '2016-05-14 11:40:54', 2),
(383, 5, 6, '01-000005\n', 6, 482, 2892, 1, '2016-05-09', '2016-05-09 15:56:31', 2),
(384, 5, 6, '01-000007\n', 6, 497, 2982, 1, '2016-05-10', '2016-05-10 12:31:52', 2),
(385, 5, 6, '01-000005\n', 6, 505, 3030, 1, '2016-05-11', '2016-05-11 09:18:53', 2),
(386, 5, 6, '01-000009\n', 6, 518, 3108, 1, '2016-05-12', '2016-05-12 15:01:59', 2),
(387, 5, 6, '01-000007\n', 8, 496, 3968, 1, '2016-05-13', '2016-05-13 12:34:37', 2),
(388, 5, 6, '01-000004\n', 9, 496, 4464, 1, '2016-05-14', '2016-05-14 11:54:02', 2),
(389, 6, 6, '01-000010\n', 5, 499, 2495, 1, '2016-05-09', '2016-05-09 14:33:57', 2),
(390, 6, 6, '01-000006\n', 8, 514, 4112, 1, '2016-05-10', '2016-05-10 10:06:36', 2),
(391, 6, 6, '01-000002\n', 9, 472, 4248, 1, '2016-05-11', '2016-05-11 13:37:55', 2),
(392, 6, 6, '01-000010\n', 5, 511, 2555, 1, '2016-05-12', '2016-05-12 16:02:26', 2),
(393, 6, 6, '01-000010\n', 9, 504, 4536, 1, '2016-05-13', '2016-05-13 11:01:30', 2),
(394, 6, 6, '01-000003\n', 5, 501, 2505, 1, '2016-05-14', '2016-05-14 11:50:33', 2),
(395, 7, 6, '01-000001\n', 7, 502, 3514, 1, '2016-05-09', '2016-05-09 12:05:52', 2),
(396, 7, 6, '01-000010\n', 5, 518, 2590, 1, '2016-05-10', '2016-05-10 11:36:36', 2),
(397, 7, 6, '01-000001\n', 8, 520, 4160, 1, '2016-05-11', '2016-05-11 09:29:41', 2),
(398, 7, 6, '01-000007\n', 7, 474, 3318, 1, '2016-05-12', '2016-05-12 16:38:05', 2),
(399, 7, 6, '01-000008\n', 8, 492, 3936, 1, '2016-05-13', '2016-05-13 14:30:20', 2),
(400, 7, 6, '01-000003\n', 8, 495, 3960, 1, '2016-05-14', '2016-05-14 12:44:35', 2),
(401, 8, 6, '01-000004\n', 6, 475, 2850, 1, '2016-05-09', '2016-05-09 12:15:10', 2),
(402, 8, 6, '01-000003\n', 8, 471, 3768, 1, '2016-05-10', '2016-05-10 15:24:00', 2),
(403, 8, 6, '01-000001\n', 5, 489, 2445, 1, '2016-05-11', '2016-05-11 11:55:44', 2),
(404, 8, 6, '01-000003\n', 5, 507, 2535, 1, '2016-05-12', '2016-05-12 13:07:53', 2),
(405, 8, 6, '01-000007\n', 5, 485, 2425, 1, '2016-05-13', '2016-05-13 09:05:05', 2),
(406, 8, 6, '01-000006\n', 9, 478, 4302, 1, '2016-05-14', '2016-05-14 15:33:35', 2),
(407, 9, 6, '01-000005\n', 8, 475, 3800, 1, '2016-05-09', '2016-05-09 10:52:59', 2),
(408, 9, 6, '01-000009\n', 5, 485, 2425, 1, '2016-05-10', '2016-05-10 12:52:34', 2),
(409, 9, 6, '01-000009\n', 8, 470, 3760, 1, '2016-05-11', '2016-05-11 13:15:07', 2),
(410, 9, 6, '01-000002\n', 5, 513, 2565, 1, '2016-05-12', '2016-05-12 12:58:37', 2),
(411, 9, 6, '01-000004\n', 6, 494, 2964, 1, '2016-05-13', '2016-05-13 12:21:28', 2),
(412, 9, 6, '01-000003\n', 5, 492, 2460, 1, '2016-05-14', '2016-05-14 11:41:08', 2),
(413, 10, 6, '01-000001\n', 8, 476, 3808, 1, '2016-05-09', '2016-05-09 15:34:26', 2),
(414, 10, 6, '01-000001\n', 8, 506, 4048, 1, '2016-05-10', '2016-05-10 16:05:22', 2),
(415, 10, 6, '01-000004\n', 5, 493, 2465, 1, '2016-05-11', '2016-05-11 14:56:07', 2),
(416, 10, 6, '01-000007\n', 7, 474, 3318, 1, '2016-05-12', '2016-05-12 17:41:38', 2),
(417, 10, 6, '01-000010\n', 5, 472, 2360, 1, '2016-05-13', '2016-05-13 10:17:39', 2),
(418, 10, 6, '01-000003\n', 7, 515, 3605, 1, '2016-05-14', '2016-05-14 13:46:37', 2),
(419, 1, 8, '01-000003\n', 2, 541, 1082, 1, '2016-05-09', '2016-05-09 17:37:20', 2),
(420, 1, 8, '01-000001\n', 1, 534, 534, 1, '2016-05-10', '2016-05-10 16:33:35', 2),
(421, 1, 8, '01-000010\n', 1, 514, 514, 1, '2016-05-11', '2016-05-11 13:12:57', 2),
(422, 1, 8, '01-000006\n', 1, 525, 525, 1, '2016-05-12', '2016-05-12 13:28:40', 2),
(423, 1, 8, '01-000007\n', 1, 542, 542, 1, '2016-05-13', '2016-05-13 09:57:00', 2),
(424, 1, 8, '01-000009\n', 1, 505, 505, 1, '2016-05-14', '2016-05-14 13:26:02', 2),
(425, 2, 8, '01-000005\n', 2, 545, 1090, 1, '2016-05-09', '2016-05-09 11:36:58', 2),
(426, 2, 8, '01-000002\n', 1, 511, 511, 1, '2016-05-10', '2016-05-10 12:04:16', 2),
(427, 2, 8, '01-000003\n', 1, 515, 515, 1, '2016-05-11', '2016-05-11 10:58:33', 2),
(428, 2, 8, '01-000004\n', 2, 540, 1080, 1, '2016-05-12', '2016-05-12 12:59:30', 2),
(429, 2, 8, '01-000010\n', 1, 520, 520, 1, '2016-05-13', '2016-05-13 13:15:53', 2),
(430, 2, 8, '01-000009\n', 1, 511, 511, 1, '2016-05-14', '2016-05-14 09:59:44', 2),
(431, 3, 8, '01-000006\n', 2, 524, 1048, 1, '2016-05-09', '2016-05-09 16:12:52', 2),
(432, 3, 8, '01-000009\n', 2, 532, 1064, 1, '2016-05-10', '2016-05-10 10:21:02', 2),
(433, 3, 8, '01-000007\n', 2, 543, 1086, 1, '2016-05-11', '2016-05-11 12:26:21', 2),
(434, 3, 8, '01-000001\n', 1, 506, 506, 1, '2016-05-12', '2016-05-12 10:06:49', 2),
(435, 3, 8, '01-000005\n', 2, 508, 1016, 1, '2016-05-13', '2016-05-13 11:39:23', 2),
(436, 3, 8, '01-000005\n', 1, 501, 501, 1, '2016-05-14', '2016-05-14 10:13:08', 2),
(437, 4, 8, '01-000002\n', 1, 537, 537, 1, '2016-05-09', '2016-05-09 17:56:31', 2),
(438, 4, 8, '01-000004\n', 2, 505, 1010, 1, '2016-05-10', '2016-05-10 15:52:50', 2),
(439, 4, 8, '01-000003\n', 2, 533, 1066, 1, '2016-05-11', '2016-05-11 10:54:59', 2),
(440, 4, 8, '01-000008\n', 1, 545, 545, 1, '2016-05-12', '2016-05-12 11:42:51', 2),
(441, 4, 8, '01-000008\n', 1, 506, 506, 1, '2016-05-13', '2016-05-13 13:02:02', 2),
(442, 4, 8, '01-000003\n', 2, 542, 1084, 1, '2016-05-14', '2016-05-14 10:08:32', 2),
(443, 5, 8, '01-000001\n', 2, 535, 1070, 1, '2016-05-09', '2016-05-09 14:56:06', 2),
(444, 5, 8, '01-000007\n', 2, 531, 1062, 1, '2016-05-10', '2016-05-10 14:30:44', 2),
(445, 5, 8, '01-000010\n', 2, 527, 1054, 1, '2016-05-11', '2016-05-11 09:31:04', 2),
(446, 5, 8, '01-000004\n', 1, 522, 522, 1, '2016-05-12', '2016-05-12 14:21:12', 2),
(447, 5, 8, '01-000002\n', 2, 530, 1060, 1, '2016-05-13', '2016-05-13 12:18:36', 2),
(448, 5, 8, '01-000009\n', 2, 506, 1012, 1, '2016-05-14', '2016-05-14 17:44:46', 2),
(449, 6, 8, '01-000006\n', 1, 537, 537, 1, '2016-05-09', '2016-05-09 09:40:17', 2),
(450, 6, 8, '01-000007\n', 2, 528, 1056, 1, '2016-05-10', '2016-05-10 14:25:38', 2),
(451, 6, 8, '01-000002\n', 1, 531, 531, 1, '2016-05-11', '2016-05-11 12:02:55', 2),
(452, 6, 8, '01-000010\n', 1, 507, 507, 1, '2016-05-12', '2016-05-12 15:05:32', 2),
(453, 6, 8, '01-000001\n', 2, 513, 1026, 1, '2016-05-13', '2016-05-13 11:15:48', 2),
(454, 6, 8, '01-000003\n', 2, 519, 1038, 1, '2016-05-14', '2016-05-14 10:43:05', 2),
(455, 7, 8, '01-000005\n', 1, 529, 529, 1, '2016-05-09', '2016-05-09 13:40:57', 2),
(456, 7, 8, '01-000004\n', 2, 507, 1014, 1, '2016-05-10', '2016-05-10 14:42:01', 2),
(457, 7, 8, '01-000010\n', 1, 514, 514, 1, '2016-05-11', '2016-05-11 10:34:19', 2),
(458, 7, 8, '01-000008\n', 2, 505, 1010, 1, '2016-05-12', '2016-05-12 16:11:22', 2),
(459, 7, 8, '01-000007\n', 2, 511, 1022, 1, '2016-05-13', '2016-05-13 16:14:06', 2),
(460, 7, 8, '01-000009\n', 2, 542, 1084, 1, '2016-05-14', '2016-05-14 16:14:47', 2),
(461, 8, 8, '01-000003\n', 1, 528, 528, 1, '2016-05-09', '2016-05-09 15:23:58', 2),
(462, 8, 8, '01-000001\n', 2, 507, 1014, 1, '2016-05-10', '2016-05-10 14:12:45', 2),
(463, 8, 8, '01-000005\n', 1, 503, 503, 1, '2016-05-11', '2016-05-11 09:15:18', 2),
(464, 8, 8, '01-000003\n', 2, 516, 1032, 1, '2016-05-12', '2016-05-12 12:51:52', 2),
(465, 8, 8, '01-000003\n', 2, 518, 1036, 1, '2016-05-13', '2016-05-13 11:59:25', 2),
(466, 8, 8, '01-000008\n', 2, 519, 1038, 1, '2016-05-14', '2016-05-14 09:41:01', 2),
(467, 9, 8, '01-000001\n', 1, 508, 508, 1, '2016-05-09', '2016-05-09 10:46:55', 2),
(468, 9, 8, '01-000009\n', 2, 515, 1030, 1, '2016-05-10', '2016-05-10 11:11:46', 2),
(469, 9, 8, '01-000010\n', 2, 525, 1050, 1, '2016-05-11', '2016-05-11 14:09:49', 2),
(470, 9, 8, '01-000010\n', 1, 513, 513, 1, '2016-05-12', '2016-05-12 09:03:27', 2),
(471, 9, 8, '01-000001\n', 2, 500, 1000, 1, '2016-05-13', '2016-05-13 09:18:53', 2),
(472, 9, 8, '01-000006\n', 2, 547, 1094, 1, '2016-05-14', '2016-05-14 13:25:32', 2),
(473, 10, 8, '01-000007\n', 2, 511, 1022, 1, '2016-05-09', '2016-05-09 12:11:49', 2),
(474, 10, 8, '01-000001\n', 2, 534, 1068, 1, '2016-05-10', '2016-05-10 12:11:49', 2),
(475, 10, 8, '01-000007\n', 2, 534, 1068, 1, '2016-05-11', '2016-05-11 15:53:35', 2),
(476, 10, 8, '01-000006\n', 1, 542, 542, 1, '2016-05-12', '2016-05-12 11:11:42', 2),
(477, 10, 8, '01-000004\n', 2, 516, 1032, 1, '2016-05-13', '2016-05-13 11:50:35', 2),
(478, 10, 8, '01-000002\n', 2, 500, 1000, 1, '2016-05-14', '2016-05-14 17:30:25', 2),
(479, 1, 7, '01-000005\n', 3, 434, 1302, 1, '2016-05-09', '2016-05-09 17:03:57', 2),
(480, 1, 7, '01-000006\n', 2, 410, 820, 1, '2016-05-10', '2016-05-10 11:40:17', 2),
(481, 1, 7, '01-000005\n', 2, 404, 808, 1, '2016-05-11', '2016-05-11 16:24:47', 2),
(482, 1, 7, '01-000008\n', 4, 409, 1636, 1, '2016-05-12', '2016-05-12 10:55:01', 2),
(483, 1, 7, '01-000007\n', 2, 402, 804, 1, '2016-05-13', '2016-05-13 15:50:23', 2),
(484, 1, 7, '01-000009\n', 3, 434, 1302, 1, '2016-05-14', '2016-05-14 17:30:50', 2),
(485, 2, 7, '01-000009\n', 4, 415, 1660, 1, '2016-05-09', '2016-05-09 17:40:33', 2),
(486, 2, 7, '01-000010\n', 2, 431, 862, 1, '2016-05-10', '2016-05-10 11:50:54', 2),
(487, 2, 7, '01-000009\n', 2, 415, 830, 1, '2016-05-11', '2016-05-11 16:46:47', 2),
(488, 2, 7, '01-000004\n', 3, 421, 1263, 1, '2016-05-12', '2016-05-12 09:51:23', 2),
(489, 2, 7, '01-000009\n', 3, 412, 1236, 1, '2016-05-13', '2016-05-13 17:54:33', 2),
(490, 2, 7, '01-000003\n', 4, 410, 1640, 1, '2016-05-14', '2016-05-14 15:09:51', 2),
(491, 3, 7, '01-000004\n', 3, 424, 1272, 1, '2016-05-09', '2016-05-09 12:53:32', 2),
(492, 3, 7, '01-000004\n', 4, 404, 1616, 1, '2016-05-10', '2016-05-10 15:22:27', 2),
(493, 3, 7, '01-000005\n', 2, 435, 870, 1, '2016-05-11', '2016-05-11 16:53:56', 2),
(494, 3, 7, '01-000006\n', 4, 418, 1672, 1, '2016-05-12', '2016-05-12 13:17:09', 2),
(495, 3, 7, '01-000007\n', 4, 406, 1624, 1, '2016-05-13', '2016-05-13 09:42:35', 2),
(496, 3, 7, '01-000005\n', 3, 441, 1323, 1, '2016-05-14', '2016-05-14 17:13:04', 2),
(497, 4, 7, '01-000002\n', 4, 447, 1788, 1, '2016-05-09', '2016-05-09 17:55:22', 2),
(498, 4, 7, '01-000007\n', 4, 449, 1796, 1, '2016-05-10', '2016-05-10 11:08:36', 2),
(499, 4, 7, '01-000010\n', 3, 413, 1239, 1, '2016-05-11', '2016-05-11 17:15:19', 2),
(500, 4, 7, '01-000010\n', 2, 414, 828, 1, '2016-05-12', '2016-05-12 15:02:46', 2),
(501, 4, 7, '01-000007\n', 2, 436, 872, 1, '2016-05-13', '2016-05-13 11:46:00', 2),
(502, 4, 7, '01-000004\n', 4, 422, 1688, 1, '2016-05-14', '2016-05-14 16:06:26', 2),
(503, 5, 7, '01-000010\n', 3, 421, 1263, 1, '2016-05-09', '2016-05-09 16:05:38', 2),
(504, 5, 7, '01-000009\n', 3, 432, 1296, 1, '2016-05-10', '2016-05-10 10:00:35', 2),
(505, 5, 7, '01-000006\n', 3, 418, 1254, 1, '2016-05-11', '2016-05-11 09:42:29', 2),
(506, 5, 7, '01-000003\n', 4, 436, 1744, 1, '2016-05-12', '2016-05-12 17:06:29', 2),
(507, 5, 7, '01-000008\n', 3, 432, 1296, 1, '2016-05-13', '2016-05-13 15:13:58', 2),
(508, 5, 7, '01-000002\n', 2, 427, 854, 1, '2016-05-14', '2016-05-14 11:45:02', 2),
(509, 6, 7, '01-000006\n', 2, 433, 866, 1, '2016-05-09', '2016-05-09 12:32:59', 2),
(510, 6, 7, '01-000004\n', 2, 408, 816, 1, '2016-05-10', '2016-05-10 13:32:00', 2),
(511, 6, 7, '01-000001\n', 4, 421, 1684, 1, '2016-05-11', '2016-05-11 12:11:11', 2),
(512, 6, 7, '01-000009\n', 3, 406, 1218, 1, '2016-05-12', '2016-05-12 09:28:11', 2),
(513, 6, 7, '01-000003\n', 3, 442, 1326, 1, '2016-05-13', '2016-05-13 13:31:10', 2),
(514, 6, 7, '01-000004\n', 2, 435, 870, 1, '2016-05-14', '2016-05-14 09:19:46', 2),
(515, 7, 7, '01-000001\n', 4, 450, 1800, 1, '2016-05-09', '2016-05-09 17:01:43', 2),
(516, 7, 7, '01-000010\n', 3, 429, 1287, 1, '2016-05-10', '2016-05-10 14:47:32', 2),
(517, 7, 7, '01-000005\n', 2, 406, 812, 1, '2016-05-11', '2016-05-11 13:27:10', 2),
(518, 7, 7, '01-000003\n', 2, 442, 884, 1, '2016-05-12', '2016-05-12 15:50:05', 2),
(519, 7, 7, '01-000006\n', 3, 401, 1203, 1, '2016-05-13', '2016-05-13 09:14:29', 2),
(520, 7, 7, '01-000009\n', 4, 422, 1688, 1, '2016-05-14', '2016-05-14 16:52:07', 2),
(521, 8, 7, '01-000005\n', 4, 429, 1716, 1, '2016-05-09', '2016-05-09 14:37:39', 2),
(522, 8, 7, '01-000005\n', 4, 432, 1728, 1, '2016-05-10', '2016-05-10 17:01:42', 2),
(523, 8, 7, '01-000008\n', 2, 435, 870, 1, '2016-05-11', '2016-05-11 16:54:51', 2),
(524, 8, 7, '01-000005\n', 2, 432, 864, 1, '2016-05-12', '2016-05-12 17:22:29', 2),
(525, 8, 7, '01-000010\n', 4, 436, 1744, 1, '2016-05-13', '2016-05-13 16:46:46', 2),
(526, 8, 7, '01-000004\n', 3, 446, 1338, 1, '2016-05-14', '2016-05-14 16:15:56', 2),
(527, 9, 7, '01-000010\n', 3, 442, 1326, 1, '2016-05-09', '2016-05-09 17:31:45', 2),
(528, 9, 7, '01-000002\n', 4, 404, 1616, 1, '2016-05-10', '2016-05-10 16:27:39', 2),
(529, 9, 7, '01-000005\n', 3, 436, 1308, 1, '2016-05-11', '2016-05-11 14:13:11', 2),
(530, 9, 7, '01-000001\n', 4, 438, 1752, 1, '2016-05-12', '2016-05-12 16:28:32', 2),
(531, 9, 7, '01-000002\n', 2, 420, 840, 1, '2016-05-13', '2016-05-13 14:07:36', 2),
(532, 9, 7, '01-000009\n', 4, 428, 1712, 1, '2016-05-14', '2016-05-14 14:45:08', 2),
(533, 10, 7, '01-000007\n', 3, 429, 1287, 1, '2016-05-09', '2016-05-09 15:44:03', 2),
(534, 10, 7, '01-000001\n', 3, 409, 1227, 1, '2016-05-10', '2016-05-10 17:02:48', 2),
(535, 10, 7, '01-000009\n', 4, 406, 1624, 1, '2016-05-11', '2016-05-11 13:14:17', 2),
(536, 10, 7, '01-000002\n', 3, 410, 1230, 1, '2016-05-12', '2016-05-12 10:27:00', 2),
(537, 10, 7, '01-000007\n', 2, 410, 820, 1, '2016-05-13', '2016-05-13 14:36:01', 2),
(538, 10, 7, '01-000006\n', 3, 422, 1266, 1, '2016-05-14', '2016-05-14 16:54:31', 2),
(539, 1, 5, '01-000007\n', 5, 479, 2395, 1, '2016-05-16', '2016-05-16 14:55:13', 2),
(540, 1, 5, '01-000010\n', 9, 459, 4131, 1, '2016-05-17', '2016-05-17 15:12:46', 2),
(541, 1, 5, '01-000009\n', 8, 493, 3944, 1, '2016-05-18', '2016-05-18 11:36:15', 2),
(542, 1, 5, '01-000009\n', 7, 471, 3297, 1, '2016-05-19', '2016-05-19 13:26:58', 2),
(543, 1, 5, '01-000007\n', 9, 488, 4392, 1, '2016-05-20', '2016-05-20 15:41:18', 2),
(544, 1, 5, '01-000005\n', 5, 456, 2280, 1, '2016-05-21', '2016-05-21 10:09:27', 2),
(545, 2, 5, '01-000003\n', 7, 466, 3262, 1, '2016-05-16', '2016-05-16 09:01:25', 2),
(546, 2, 5, '01-000001\n', 9, 475, 4275, 1, '2016-05-17', '2016-05-17 12:34:54', 2),
(547, 2, 5, '01-000007\n', 7, 460, 3220, 1, '2016-05-18', '2016-05-18 09:34:56', 2),
(548, 2, 5, '01-000005\n', 7, 461, 3227, 1, '2016-05-19', '2016-05-19 14:57:36', 2),
(549, 2, 5, '01-000003\n', 5, 495, 2475, 1, '2016-05-20', '2016-05-20 17:37:39', 2),
(550, 2, 5, '01-000009\n', 7, 482, 3374, 1, '2016-05-21', '2016-05-21 14:42:38', 2),
(551, 3, 5, '01-000008\n', 9, 499, 4491, 1, '2016-05-16', '2016-05-16 09:05:03', 2),
(552, 3, 5, '01-000003\n', 8, 455, 3640, 1, '2016-05-17', '2016-05-17 09:46:14', 2),
(553, 3, 5, '01-000007\n', 8, 467, 3736, 1, '2016-05-18', '2016-05-18 10:42:37', 2),
(554, 3, 5, '01-000010\n', 8, 459, 3672, 1, '2016-05-19', '2016-05-19 14:45:56', 2),
(555, 3, 5, '01-000005\n', 6, 478, 2868, 1, '2016-05-20', '2016-05-20 10:17:02', 2),
(556, 3, 5, '01-000007\n', 7, 497, 3479, 1, '2016-05-21', '2016-05-21 14:15:53', 2),
(557, 4, 5, '01-000003\n', 9, 475, 4275, 1, '2016-05-16', '2016-05-16 15:02:28', 2),
(558, 4, 5, '01-000004\n', 8, 468, 3744, 1, '2016-05-17', '2016-05-17 13:06:05', 2),
(559, 4, 5, '01-000004\n', 5, 491, 2455, 1, '2016-05-18', '2016-05-18 15:42:48', 2),
(560, 4, 5, '01-000008\n', 6, 481, 2886, 1, '2016-05-19', '2016-05-19 09:34:36', 2),
(561, 4, 5, '01-000002\n', 5, 474, 2370, 1, '2016-05-20', '2016-05-20 09:54:52', 2),
(562, 4, 5, '01-000010\n', 8, 463, 3704, 1, '2016-05-21', '2016-05-21 16:40:52', 2),
(563, 5, 5, '01-000006\n', 9, 484, 4356, 1, '2016-05-16', '2016-05-16 10:21:45', 2),
(564, 5, 5, '01-000004\n', 7, 455, 3185, 1, '2016-05-17', '2016-05-17 16:21:53', 2),
(565, 5, 5, '01-000002\n', 7, 459, 3213, 1, '2016-05-18', '2016-05-18 09:05:58', 2),
(566, 5, 5, '01-000010\n', 5, 474, 2370, 1, '2016-05-19', '2016-05-19 13:51:33', 2),
(567, 5, 5, '01-000001\n', 8, 479, 3832, 1, '2016-05-20', '2016-05-20 17:46:47', 2),
(568, 5, 5, '01-000010\n', 9, 467, 4203, 1, '2016-05-21', '2016-05-21 13:47:48', 2),
(569, 6, 5, '01-000005\n', 8, 481, 3848, 1, '2016-05-16', '2016-05-16 10:53:26', 2),
(570, 6, 5, '01-000007\n', 8, 484, 3872, 1, '2016-05-17', '2016-05-17 10:34:56', 2),
(571, 6, 5, '01-000007\n', 8, 465, 3720, 1, '2016-05-18', '2016-05-18 12:00:20', 2),
(572, 6, 5, '01-000005\n', 8, 484, 3872, 1, '2016-05-19', '2016-05-19 13:31:51', 2),
(573, 6, 5, '01-000008\n', 6, 466, 2796, 1, '2016-05-20', '2016-05-20 10:03:24', 2),
(574, 6, 5, '01-000010\n', 7, 450, 3150, 1, '2016-05-21', '2016-05-21 16:13:18', 2),
(575, 7, 5, '01-000009\n', 8, 456, 3648, 1, '2016-05-16', '2016-05-16 17:33:16', 2),
(576, 7, 5, '01-000005\n', 7, 452, 3164, 1, '2016-05-17', '2016-05-17 14:42:05', 2),
(577, 7, 5, '01-000001\n', 5, 466, 2330, 1, '2016-05-18', '2016-05-18 13:53:33', 2),
(578, 7, 5, '01-000010\n', 8, 457, 3656, 1, '2016-05-19', '2016-05-19 09:43:25', 2),
(579, 7, 5, '01-000006\n', 7, 492, 3444, 1, '2016-05-20', '2016-05-20 17:29:02', 2),
(580, 7, 5, '01-000009\n', 9, 494, 4446, 1, '2016-05-21', '2016-05-21 09:59:02', 2),
(581, 8, 5, '01-000010\n', 5, 498, 2490, 1, '2016-05-16', '2016-05-16 10:09:01', 2),
(582, 8, 5, '01-000003\n', 5, 454, 2270, 1, '2016-05-17', '2016-05-17 16:27:34', 2),
(583, 8, 5, '01-000002\n', 9, 450, 4050, 1, '2016-05-18', '2016-05-18 09:18:30', 2),
(584, 8, 5, '01-000009\n', 7, 469, 3283, 1, '2016-05-19', '2016-05-19 14:32:43', 2),
(585, 8, 5, '01-000001\n', 5, 476, 2380, 1, '2016-05-20', '2016-05-20 14:09:28', 2),
(586, 8, 5, '01-000005\n', 5, 487, 2435, 1, '2016-05-21', '2016-05-21 14:21:32', 2),
(587, 9, 5, '01-000004\n', 8, 494, 3952, 1, '2016-05-16', '2016-05-16 11:03:06', 2),
(588, 9, 5, '01-000007\n', 8, 479, 3832, 1, '2016-05-17', '2016-05-17 14:00:40', 2),
(589, 9, 5, '01-000003\n', 8, 465, 3720, 1, '2016-05-18', '2016-05-18 13:40:03', 2),
(590, 9, 5, '01-000004\n', 6, 452, 2712, 1, '2016-05-19', '2016-05-19 13:49:36', 2),
(591, 9, 5, '01-000003\n', 6, 457, 2742, 1, '2016-05-20', '2016-05-20 12:16:43', 2),
(592, 9, 5, '01-000005\n', 8, 460, 3680, 1, '2016-05-21', '2016-05-21 15:33:56', 2),
(593, 10, 5, '01-000007\n', 9, 454, 4086, 1, '2016-05-16', '2016-05-16 13:57:26', 2),
(594, 10, 5, '01-000009\n', 5, 470, 2350, 1, '2016-05-17', '2016-05-17 10:44:33', 2),
(595, 10, 5, '01-000006\n', 6, 469, 2814, 1, '2016-05-18', '2016-05-18 13:58:47', 2),
(596, 10, 5, '01-000009\n', 6, 471, 2826, 1, '2016-05-19', '2016-05-19 12:50:01', 2),
(597, 10, 5, '01-000005\n', 7, 458, 3206, 1, '2016-05-20', '2016-05-20 11:49:46', 2),
(598, 10, 5, '01-000005\n', 6, 487, 2922, 1, '2016-05-21', '2016-05-21 12:32:40', 2),
(599, 1, 6, '01-000004\n', 6, 501, 3006, 1, '2016-05-16', '2016-05-16 12:41:11', 2),
(600, 1, 6, '01-000003\n', 7, 513, 3591, 1, '2016-05-17', '2016-05-17 11:00:58', 2),
(601, 1, 6, '01-000008\n', 7, 485, 3395, 1, '2016-05-18', '2016-05-18 13:32:43', 2),
(602, 1, 6, '01-000003\n', 6, 492, 2952, 1, '2016-05-19', '2016-05-19 16:07:44', 2),
(603, 1, 6, '01-000003\n', 5, 488, 2440, 1, '2016-05-20', '2016-05-20 17:27:20', 2),
(604, 1, 6, '01-000005\n', 5, 504, 2520, 1, '2016-05-21', '2016-05-21 15:43:19', 2),
(605, 2, 6, '01-000009\n', 8, 510, 4080, 1, '2016-05-16', '2016-05-16 16:52:25', 2),
(606, 2, 6, '01-000008\n', 7, 491, 3437, 1, '2016-05-17', '2016-05-17 14:52:00', 2),
(607, 2, 6, '01-000006\n', 5, 504, 2520, 1, '2016-05-18', '2016-05-18 09:48:08', 2),
(608, 2, 6, '01-000007\n', 6, 497, 2982, 1, '2016-05-19', '2016-05-19 13:07:06', 2),
(609, 2, 6, '01-000006\n', 9, 491, 4419, 1, '2016-05-20', '2016-05-20 16:08:33', 2),
(610, 2, 6, '01-000010\n', 8, 474, 3792, 1, '2016-05-21', '2016-05-21 09:43:18', 2),
(611, 3, 6, '01-000009\n', 6, 472, 2832, 1, '2016-05-16', '2016-05-16 16:47:00', 2),
(612, 3, 6, '01-000008\n', 8, 501, 4008, 1, '2016-05-17', '2016-05-17 16:54:51', 2),
(613, 3, 6, '01-000006\n', 6, 493, 2958, 1, '2016-05-18', '2016-05-18 12:04:15', 2),
(614, 3, 6, '01-000006\n', 6, 488, 2928, 1, '2016-05-19', '2016-05-19 12:05:52', 2),
(615, 3, 6, '01-000003\n', 5, 498, 2490, 1, '2016-05-20', '2016-05-20 16:54:50', 2),
(616, 3, 6, '01-000009\n', 7, 497, 3479, 1, '2016-05-21', '2016-05-21 14:11:34', 2),
(617, 4, 6, '01-000005\n', 8, 504, 4032, 1, '2016-05-16', '2016-05-16 16:00:11', 2),
(618, 4, 6, '01-000004\n', 7, 501, 3507, 1, '2016-05-17', '2016-05-17 17:50:31', 2),
(619, 4, 6, '01-000005\n', 6, 506, 3036, 1, '2016-05-18', '2016-05-18 12:12:02', 2),
(620, 4, 6, '01-000009\n', 8, 494, 3952, 1, '2016-05-19', '2016-05-19 17:38:50', 2),
(621, 4, 6, '01-000009\n', 8, 489, 3912, 1, '2016-05-20', '2016-05-20 10:40:31', 2),
(622, 4, 6, '01-000010\n', 7, 509, 3563, 1, '2016-05-21', '2016-05-21 17:24:30', 2),
(623, 5, 6, '01-000006\n', 7, 497, 3479, 1, '2016-05-16', '2016-05-16 17:12:31', 2),
(624, 5, 6, '01-000001\n', 5, 474, 2370, 1, '2016-05-17', '2016-05-17 16:25:38', 2),
(625, 5, 6, '01-000006\n', 8, 487, 3896, 1, '2016-05-18', '2016-05-18 15:23:53', 2),
(626, 5, 6, '01-000005\n', 6, 482, 2892, 1, '2016-05-19', '2016-05-19 16:41:38', 2),
(627, 5, 6, '01-000004\n', 6, 499, 2994, 1, '2016-05-20', '2016-05-20 16:57:41', 2),
(628, 5, 6, '01-000002\n', 6, 497, 2982, 1, '2016-05-21', '2016-05-21 12:11:31', 2),
(629, 6, 6, '01-000010\n', 6, 512, 3072, 1, '2016-05-16', '2016-05-16 12:55:27', 2),
(630, 6, 6, '01-000005\n', 8, 517, 4136, 1, '2016-05-17', '2016-05-17 14:05:10', 2),
(631, 6, 6, '01-000009\n', 7, 513, 3591, 1, '2016-05-18', '2016-05-18 14:58:26', 2),
(632, 6, 6, '01-000005\n', 6, 492, 2952, 1, '2016-05-19', '2016-05-19 12:05:31', 2),
(633, 6, 6, '01-000002\n', 7, 503, 3521, 1, '2016-05-20', '2016-05-20 15:33:53', 2),
(634, 6, 6, '01-000008\n', 9, 482, 4338, 1, '2016-05-21', '2016-05-21 17:32:53', 2),
(635, 7, 6, '01-000009\n', 7, 515, 3605, 1, '2016-05-16', '2016-05-16 13:17:12', 2),
(636, 7, 6, '01-000009\n', 8, 470, 3760, 1, '2016-05-17', '2016-05-17 11:47:10', 2),
(637, 7, 6, '01-000003\n', 5, 473, 2365, 1, '2016-05-18', '2016-05-18 12:04:19', 2),
(638, 7, 6, '01-000001\n', 9, 474, 4266, 1, '2016-05-19', '2016-05-19 15:24:06', 2),
(639, 7, 6, '01-000004\n', 6, 508, 3048, 1, '2016-05-20', '2016-05-20 09:26:52', 2),
(640, 7, 6, '01-000005\n', 7, 513, 3591, 1, '2016-05-21', '2016-05-21 15:26:30', 2),
(641, 8, 6, '01-000005\n', 5, 514, 2570, 1, '2016-05-16', '2016-05-16 09:45:26', 2),
(642, 8, 6, '01-000004\n', 9, 514, 4626, 1, '2016-05-17', '2016-05-17 13:37:33', 2),
(643, 8, 6, '01-000001\n', 6, 517, 3102, 1, '2016-05-18', '2016-05-18 13:27:50', 2),
(644, 8, 6, '01-000002\n', 6, 478, 2868, 1, '2016-05-19', '2016-05-19 17:41:02', 2),
(645, 8, 6, '01-000010\n', 6, 486, 2916, 1, '2016-05-20', '2016-05-20 12:22:22', 2),
(646, 8, 6, '01-000002\n', 8, 495, 3960, 1, '2016-05-21', '2016-05-21 11:34:33', 2),
(647, 9, 6, '01-000003\n', 5, 494, 2470, 1, '2016-05-16', '2016-05-16 14:52:02', 2),
(648, 9, 6, '01-000003\n', 9, 499, 4491, 1, '2016-05-17', '2016-05-17 17:42:49', 2),
(649, 9, 6, '01-000008\n', 9, 481, 4329, 1, '2016-05-18', '2016-05-18 09:12:47', 2),
(650, 9, 6, '01-000006\n', 7, 488, 3416, 1, '2016-05-19', '2016-05-19 15:11:52', 2),
(651, 9, 6, '01-000004\n', 8, 517, 4136, 1, '2016-05-20', '2016-05-20 11:43:50', 2),
(652, 9, 6, '01-000005\n', 6, 482, 2892, 1, '2016-05-21', '2016-05-21 15:08:21', 2),
(653, 10, 6, '01-000003\n', 7, 513, 3591, 1, '2016-05-16', '2016-05-16 15:03:51', 2),
(654, 10, 6, '01-000010\n', 5, 489, 2445, 1, '2016-05-17', '2016-05-17 15:52:47', 2),
(655, 10, 6, '01-000008\n', 7, 485, 3395, 1, '2016-05-18', '2016-05-18 12:31:11', 2),
(656, 10, 6, '01-000001\n', 8, 513, 4104, 1, '2016-05-19', '2016-05-19 10:09:42', 2),
(657, 10, 6, '01-000003\n', 6, 519, 3114, 1, '2016-05-20', '2016-05-20 16:12:12', 2),
(658, 10, 6, '01-000006\n', 8, 519, 4152, 1, '2016-05-21', '2016-05-21 17:31:04', 2),
(659, 1, 8, '01-000001\n', 1, 506, 506, 1, '2016-05-16', '2016-05-16 17:18:28', 2);
INSERT INTO `movimiento` (`id_movimiento`, `id_proveedor`, `id_producto`, `numero_factura`, `cantidad`, `precio`, `total`, `tipo`, `fecha`, `fecha_registro`, `estado`) VALUES
(660, 1, 8, '01-000009\n', 2, 526, 1052, 1, '2016-05-17', '2016-05-17 15:24:24', 2),
(661, 1, 8, '01-000004\n', 2, 545, 1090, 1, '2016-05-18', '2016-05-18 12:24:00', 2),
(662, 1, 8, '01-000008\n', 1, 500, 500, 1, '2016-05-19', '2016-05-19 11:32:02', 2),
(663, 1, 8, '01-000003\n', 1, 523, 523, 1, '2016-05-20', '2016-05-20 15:37:35', 2),
(664, 1, 8, '01-000001\n', 1, 547, 547, 1, '2016-05-21', '2016-05-21 17:02:27', 2),
(665, 2, 8, '01-000004\n', 1, 519, 519, 1, '2016-05-16', '2016-05-16 16:57:55', 2),
(666, 2, 8, '01-000007\n', 1, 547, 547, 1, '2016-05-17', '2016-05-17 12:49:26', 2),
(667, 2, 8, '01-000002\n', 2, 541, 1082, 1, '2016-05-18', '2016-05-18 16:29:57', 2),
(668, 2, 8, '01-000007\n', 2, 511, 1022, 1, '2016-05-19', '2016-05-19 10:43:23', 2),
(669, 2, 8, '01-000007\n', 1, 536, 536, 1, '2016-05-20', '2016-05-20 16:38:05', 2),
(670, 2, 8, '01-000008\n', 2, 532, 1064, 1, '2016-05-21', '2016-05-21 10:48:33', 2),
(671, 3, 8, '01-000001\n', 2, 508, 1016, 1, '2016-05-16', '2016-05-16 17:26:28', 2),
(672, 3, 8, '01-000006\n', 2, 511, 1022, 1, '2016-05-17', '2016-05-17 11:36:16', 2),
(673, 3, 8, '01-000002\n', 1, 535, 535, 1, '2016-05-18', '2016-05-18 09:44:11', 2),
(674, 3, 8, '01-000004\n', 2, 500, 1000, 1, '2016-05-19', '2016-05-19 11:23:11', 2),
(675, 3, 8, '01-000010\n', 2, 544, 1088, 1, '2016-05-20', '2016-05-20 10:30:33', 2),
(676, 3, 8, '01-000001\n', 1, 547, 547, 1, '2016-05-21', '2016-05-21 13:21:36', 2),
(677, 4, 8, '01-000005\n', 1, 525, 525, 1, '2016-05-16', '2016-05-16 12:02:21', 2),
(678, 4, 8, '01-000009\n', 2, 546, 1092, 1, '2016-05-17', '2016-05-17 14:57:36', 2),
(679, 4, 8, '01-000005\n', 2, 549, 1098, 1, '2016-05-18', '2016-05-18 10:13:06', 2),
(680, 4, 8, '01-000002\n', 1, 519, 519, 1, '2016-05-19', '2016-05-19 14:06:25', 2),
(681, 4, 8, '01-000010\n', 1, 527, 527, 1, '2016-05-20', '2016-05-20 09:48:16', 2),
(682, 4, 8, '01-000010\n', 1, 523, 523, 1, '2016-05-21', '2016-05-21 16:25:35', 2),
(683, 5, 8, '01-000010\n', 1, 510, 510, 1, '2016-05-16', '2016-05-16 09:36:31', 2),
(684, 5, 8, '01-000007\n', 2, 502, 1004, 1, '2016-05-17', '2016-05-17 16:31:16', 2),
(685, 5, 8, '01-000002\n', 1, 534, 534, 1, '2016-05-18', '2016-05-18 09:49:03', 2),
(686, 5, 8, '01-000001\n', 2, 526, 1052, 1, '2016-05-19', '2016-05-19 17:12:26', 2),
(687, 5, 8, '01-000002\n', 1, 509, 509, 1, '2016-05-20', '2016-05-20 14:12:44', 2),
(688, 5, 8, '01-000001\n', 1, 530, 530, 1, '2016-05-21', '2016-05-21 09:46:10', 2),
(689, 6, 8, '01-000006\n', 1, 525, 525, 1, '2016-05-16', '2016-05-16 16:22:23', 2),
(690, 6, 8, '01-000002\n', 2, 513, 1026, 1, '2016-05-17', '2016-05-17 12:13:54', 2),
(691, 6, 8, '01-000006\n', 2, 528, 1056, 1, '2016-05-18', '2016-05-18 17:02:07', 2),
(692, 6, 8, '01-000007\n', 1, 504, 504, 1, '2016-05-19', '2016-05-19 12:30:39', 2),
(693, 6, 8, '01-000002\n', 2, 550, 1100, 1, '2016-05-20', '2016-05-20 11:15:26', 2),
(694, 6, 8, '01-000009\n', 2, 536, 1072, 1, '2016-05-21', '2016-05-21 11:50:16', 2),
(695, 7, 8, '01-000007\n', 2, 545, 1090, 1, '2016-05-16', '2016-05-16 15:39:36', 2),
(696, 7, 8, '01-000006\n', 2, 533, 1066, 1, '2016-05-17', '2016-05-17 16:52:44', 2),
(697, 7, 8, '01-000002\n', 2, 524, 1048, 1, '2016-05-18', '2016-05-18 15:44:49', 2),
(698, 7, 8, '01-000006\n', 1, 520, 520, 1, '2016-05-19', '2016-05-19 10:59:21', 2),
(699, 7, 8, '01-000002\n', 2, 514, 1028, 1, '2016-05-20', '2016-05-20 09:04:34', 2),
(700, 7, 8, '01-000006\n', 2, 531, 1062, 1, '2016-05-21', '2016-05-21 13:32:59', 2),
(701, 8, 8, '01-000004\n', 2, 524, 1048, 1, '2016-05-16', '2016-05-16 10:35:44', 2),
(702, 8, 8, '01-000010\n', 2, 524, 1048, 1, '2016-05-17', '2016-05-17 09:05:24', 2),
(703, 8, 8, '01-000005\n', 1, 501, 501, 1, '2016-05-18', '2016-05-18 14:49:57', 2),
(704, 8, 8, '01-000004\n', 2, 543, 1086, 1, '2016-05-19', '2016-05-19 11:39:24', 2),
(705, 8, 8, '01-000009\n', 1, 501, 501, 1, '2016-05-20', '2016-05-20 09:06:49', 2),
(706, 8, 8, '01-000005\n', 1, 530, 530, 1, '2016-05-21', '2016-05-21 12:01:12', 2),
(707, 9, 8, '01-000003\n', 1, 528, 528, 1, '2016-05-16', '2016-05-16 14:55:09', 2),
(708, 9, 8, '01-000002\n', 2, 525, 1050, 1, '2016-05-17', '2016-05-17 12:53:32', 2),
(709, 9, 8, '01-000001\n', 1, 539, 539, 1, '2016-05-18', '2016-05-18 10:04:13', 2),
(710, 9, 8, '01-000001\n', 2, 524, 1048, 1, '2016-05-19', '2016-05-19 12:12:02', 2),
(711, 9, 8, '01-000010\n', 1, 506, 506, 1, '2016-05-20', '2016-05-20 14:56:03', 2),
(712, 9, 8, '01-000002\n', 2, 550, 1100, 1, '2016-05-21', '2016-05-21 14:22:24', 2),
(713, 10, 8, '01-000003\n', 1, 526, 526, 1, '2016-05-16', '2016-05-16 17:45:37', 2),
(714, 10, 8, '01-000004\n', 1, 545, 545, 1, '2016-05-17', '2016-05-17 12:32:42', 2),
(715, 10, 8, '01-000005\n', 1, 534, 534, 1, '2016-05-18', '2016-05-18 15:52:05', 2),
(716, 10, 8, '01-000004\n', 1, 544, 544, 1, '2016-05-19', '2016-05-19 11:46:33', 2),
(717, 10, 8, '01-000009\n', 1, 522, 522, 1, '2016-05-20', '2016-05-20 11:57:08', 2),
(718, 10, 8, '01-000004\n', 2, 524, 1048, 1, '2016-05-21', '2016-05-21 13:25:27', 2),
(719, 1, 7, '01-000010\n', 4, 450, 1800, 1, '2016-05-16', '2016-05-16 16:16:09', 2),
(720, 1, 7, '01-000010\n', 4, 428, 1712, 1, '2016-05-17', '2016-05-17 10:16:59', 2),
(721, 1, 7, '01-000006\n', 2, 403, 806, 1, '2016-05-18', '2016-05-18 15:56:27', 2),
(722, 1, 7, '01-000009\n', 3, 419, 1257, 1, '2016-05-19', '2016-05-19 11:47:05', 2),
(723, 1, 7, '01-000007\n', 2, 416, 832, 1, '2016-05-20', '2016-05-20 16:09:38', 2),
(724, 1, 7, '01-000005\n', 3, 449, 1347, 1, '2016-05-21', '2016-05-21 13:28:16', 2),
(725, 2, 7, '01-000006\n', 3, 422, 1266, 1, '2016-05-16', '2016-05-16 17:29:44', 2),
(726, 2, 7, '01-000001\n', 4, 413, 1652, 1, '2016-05-17', '2016-05-17 15:01:54', 2),
(727, 2, 7, '01-000005\n', 4, 424, 1696, 1, '2016-05-18', '2016-05-18 14:03:29', 2),
(728, 2, 7, '01-000010\n', 3, 425, 1275, 1, '2016-05-19', '2016-05-19 09:35:25', 2),
(729, 2, 7, '01-000005\n', 2, 404, 808, 1, '2016-05-20', '2016-05-20 14:53:37', 2),
(730, 2, 7, '01-000008\n', 3, 415, 1245, 1, '2016-05-21', '2016-05-21 12:02:38', 2),
(731, 3, 7, '01-000009\n', 3, 437, 1311, 1, '2016-05-16', '2016-05-16 10:01:04', 2),
(732, 3, 7, '01-000009\n', 4, 403, 1612, 1, '2016-05-17', '2016-05-17 10:14:57', 2),
(733, 3, 7, '01-000005\n', 2, 401, 802, 1, '2016-05-18', '2016-05-18 12:54:15', 2),
(734, 3, 7, '01-000003\n', 4, 406, 1624, 1, '2016-05-19', '2016-05-19 11:14:36', 2),
(735, 3, 7, '01-000007\n', 2, 444, 888, 1, '2016-05-20', '2016-05-20 11:34:18', 2),
(736, 3, 7, '01-000002\n', 4, 402, 1608, 1, '2016-05-21', '2016-05-21 14:35:55', 2),
(737, 4, 7, '01-000006\n', 4, 445, 1780, 1, '2016-05-16', '2016-05-16 16:51:19', 2),
(738, 4, 7, '01-000009\n', 4, 439, 1756, 1, '2016-05-17', '2016-05-17 17:32:35', 2),
(739, 4, 7, '01-000004\n', 4, 433, 1732, 1, '2016-05-18', '2016-05-18 17:43:37', 2),
(740, 4, 7, '01-000007\n', 2, 446, 892, 1, '2016-05-19', '2016-05-19 15:17:51', 2),
(741, 4, 7, '01-000007\n', 2, 409, 818, 1, '2016-05-20', '2016-05-20 16:29:58', 2),
(742, 4, 7, '01-000007\n', 4, 414, 1656, 1, '2016-05-21', '2016-05-21 12:19:50', 2),
(743, 5, 7, '01-000001\n', 4, 421, 1684, 1, '2016-05-16', '2016-05-16 16:02:53', 2),
(744, 5, 7, '01-000001\n', 2, 404, 808, 1, '2016-05-17', '2016-05-17 09:31:46', 2),
(745, 5, 7, '01-000009\n', 4, 433, 1732, 1, '2016-05-18', '2016-05-18 15:06:50', 2),
(746, 5, 7, '01-000007\n', 2, 440, 880, 1, '2016-05-19', '2016-05-19 11:31:10', 2),
(747, 5, 7, '01-000005\n', 2, 441, 882, 1, '2016-05-20', '2016-05-20 11:31:31', 2),
(748, 5, 7, '01-000004\n', 3, 414, 1242, 1, '2016-05-21', '2016-05-21 10:54:12', 2),
(749, 6, 7, '01-000005\n', 2, 431, 862, 1, '2016-05-16', '2016-05-16 13:27:06', 2),
(750, 6, 7, '01-000006\n', 3, 410, 1230, 1, '2016-05-17', '2016-05-17 12:31:51', 2),
(751, 6, 7, '01-000009\n', 3, 445, 1335, 1, '2016-05-18', '2016-05-18 16:42:26', 2),
(752, 6, 7, '01-000008\n', 2, 407, 814, 1, '2016-05-19', '2016-05-19 15:37:12', 2),
(753, 6, 7, '01-000005\n', 3, 442, 1326, 1, '2016-05-20', '2016-05-20 13:52:24', 2),
(754, 6, 7, '01-000004\n', 3, 447, 1341, 1, '2016-05-21', '2016-05-21 13:14:40', 2),
(755, 7, 7, '01-000009\n', 4, 409, 1636, 1, '2016-05-16', '2016-05-16 14:38:03', 2),
(756, 7, 7, '01-000002\n', 4, 442, 1768, 1, '2016-05-17', '2016-05-17 17:19:16', 2),
(757, 7, 7, '01-000002\n', 2, 429, 858, 1, '2016-05-18', '2016-05-18 14:05:54', 2),
(758, 7, 7, '01-000006\n', 2, 443, 886, 1, '2016-05-19', '2016-05-19 13:05:53', 2),
(759, 7, 7, '01-000007\n', 2, 436, 872, 1, '2016-05-20', '2016-05-20 12:50:15', 2),
(760, 7, 7, '01-000008\n', 4, 450, 1800, 1, '2016-05-21', '2016-05-21 15:10:28', 2),
(761, 8, 7, '01-000006\n', 4, 432, 1728, 1, '2016-05-16', '2016-05-16 11:24:16', 2),
(762, 8, 7, '01-000002\n', 4, 421, 1684, 1, '2016-05-17', '2016-05-17 17:57:18', 2),
(763, 8, 7, '01-000009\n', 3, 400, 1200, 1, '2016-05-18', '2016-05-18 10:21:26', 2),
(764, 8, 7, '01-000004\n', 3, 441, 1323, 1, '2016-05-19', '2016-05-19 11:48:18', 2),
(765, 8, 7, '01-000010\n', 3, 415, 1245, 1, '2016-05-20', '2016-05-20 13:36:39', 2),
(766, 8, 7, '01-000007\n', 4, 426, 1704, 1, '2016-05-21', '2016-05-21 17:16:12', 2),
(767, 9, 7, '01-000002\n', 4, 441, 1764, 1, '2016-05-16', '2016-05-16 15:41:32', 2),
(768, 9, 7, '01-000003\n', 4, 445, 1780, 1, '2016-05-17', '2016-05-17 12:23:49', 2),
(769, 9, 7, '01-000005\n', 2, 409, 818, 1, '2016-05-18', '2016-05-18 13:58:42', 2),
(770, 9, 7, '01-000006\n', 4, 420, 1680, 1, '2016-05-19', '2016-05-19 16:55:20', 2),
(771, 9, 7, '01-000008\n', 4, 423, 1692, 1, '2016-05-20', '2016-05-20 10:54:57', 2),
(772, 9, 7, '01-000002\n', 4, 414, 1656, 1, '2016-05-21', '2016-05-21 12:35:32', 2),
(773, 10, 7, '01-000010\n', 3, 421, 1263, 1, '2016-05-16', '2016-05-16 12:16:34', 2),
(774, 10, 7, '01-000001\n', 3, 424, 1272, 1, '2016-05-17', '2016-05-17 16:19:01', 2),
(775, 10, 7, '01-000009\n', 2, 425, 850, 1, '2016-05-18', '2016-05-18 09:30:35', 2),
(776, 10, 7, '01-000007\n', 2, 421, 842, 1, '2016-05-19', '2016-05-19 17:32:30', 2),
(777, 10, 7, '01-000007\n', 4, 445, 1780, 1, '2016-05-20', '2016-05-20 12:48:56', 2),
(778, 10, 7, '01-000002\n', 3, 411, 1233, 1, '2016-05-21', '2016-05-21 13:22:01', 2),
(779, 1, 5, '01-000008\n', 6, 499, 2994, 1, '2016-05-23', '2016-05-23 15:32:50', 2),
(780, 1, 5, '01-000002\n', 7, 500, 3500, 1, '2016-05-24', '2016-05-24 12:55:14', 2),
(781, 1, 5, '01-000005\n', 5, 468, 2340, 1, '2016-05-25', '2016-05-25 13:20:56', 2),
(782, 1, 5, '01-000008\n', 9, 451, 4059, 1, '2016-05-26', '2016-05-26 15:29:38', 2),
(783, 1, 5, '01-000010\n', 8, 469, 3752, 1, '2016-05-27', '2016-05-27 15:31:36', 2),
(784, 1, 5, '01-000003\n', 7, 456, 3192, 1, '2016-05-28', '2016-05-28 14:52:46', 2),
(785, 2, 5, '01-000008\n', 7, 456, 3192, 1, '2016-05-23', '2016-05-23 09:10:13', 2),
(786, 2, 5, '01-000006\n', 9, 490, 4410, 1, '2016-05-24', '2016-05-24 09:34:37', 2),
(787, 2, 5, '01-000007\n', 5, 491, 2455, 1, '2016-05-25', '2016-05-25 11:30:19', 2),
(788, 2, 5, '01-000004\n', 8, 475, 3800, 1, '2016-05-26', '2016-05-26 16:03:39', 2),
(789, 2, 5, '01-000005\n', 7, 499, 3493, 1, '2016-05-27', '2016-05-27 09:04:58', 2),
(790, 2, 5, '01-000006\n', 7, 497, 3479, 1, '2016-05-28', '2016-05-28 14:01:15', 2),
(791, 3, 5, '01-000007\n', 7, 455, 3185, 1, '2016-05-23', '2016-05-23 09:00:53', 2),
(792, 3, 5, '01-000003\n', 7, 496, 3472, 1, '2016-05-24', '2016-05-24 15:37:53', 2),
(793, 3, 5, '01-000004\n', 9, 467, 4203, 1, '2016-05-25', '2016-05-25 17:18:49', 2),
(794, 3, 5, '01-000003\n', 6, 477, 2862, 1, '2016-05-26', '2016-05-26 16:45:20', 2),
(795, 3, 5, '01-000007\n', 8, 477, 3816, 1, '2016-05-27', '2016-05-27 09:03:41', 2),
(796, 3, 5, '01-000002\n', 8, 473, 3784, 1, '2016-05-28', '2016-05-28 15:14:01', 2),
(797, 4, 5, '01-000002\n', 7, 452, 3164, 1, '2016-05-23', '2016-05-23 12:40:55', 2),
(798, 4, 5, '01-000003\n', 6, 471, 2826, 1, '2016-05-24', '2016-05-24 16:10:09', 2),
(799, 4, 5, '01-000001\n', 9, 467, 4203, 1, '2016-05-25', '2016-05-25 09:11:39', 2),
(800, 4, 5, '01-000005\n', 7, 456, 3192, 1, '2016-05-26', '2016-05-26 13:04:05', 2),
(801, 4, 5, '01-000002\n', 6, 460, 2760, 1, '2016-05-27', '2016-05-27 09:28:57', 2),
(802, 4, 5, '01-000009\n', 6, 477, 2862, 1, '2016-05-28', '2016-05-28 10:11:28', 2),
(803, 5, 5, '01-000005\n', 8, 451, 3608, 1, '2016-05-23', '2016-05-23 10:27:10', 2),
(804, 5, 5, '01-000010\n', 5, 452, 2260, 1, '2016-05-24', '2016-05-24 12:44:36', 2),
(805, 5, 5, '01-000009\n', 5, 454, 2270, 1, '2016-05-25', '2016-05-25 15:26:04', 2),
(806, 5, 5, '01-000006\n', 5, 491, 2455, 1, '2016-05-26', '2016-05-26 15:11:35', 2),
(807, 5, 5, '01-000001\n', 8, 483, 3864, 1, '2016-05-27', '2016-05-27 10:20:09', 2),
(808, 5, 5, '01-000008\n', 9, 495, 4455, 1, '2016-05-28', '2016-05-28 10:26:37', 2),
(809, 6, 5, '01-000003\n', 5, 473, 2365, 1, '2016-05-23', '2016-05-23 17:53:54', 2),
(810, 6, 5, '01-000004\n', 5, 482, 2410, 1, '2016-05-24', '2016-05-24 10:06:15', 2),
(811, 6, 5, '01-000006\n', 8, 488, 3904, 1, '2016-05-25', '2016-05-25 09:55:01', 2),
(812, 6, 5, '01-000009\n', 5, 491, 2455, 1, '2016-05-26', '2016-05-26 09:47:39', 2),
(813, 6, 5, '01-000006\n', 9, 482, 4338, 1, '2016-05-27', '2016-05-27 12:36:38', 2),
(814, 6, 5, '01-000009\n', 9, 497, 4473, 1, '2016-05-28', '2016-05-28 12:19:47', 2),
(815, 7, 5, '01-000001\n', 5, 466, 2330, 1, '2016-05-23', '2016-05-23 13:42:39', 2),
(816, 7, 5, '01-000004\n', 5, 474, 2370, 1, '2016-05-24', '2016-05-24 17:59:44', 2),
(817, 7, 5, '01-000008\n', 7, 468, 3276, 1, '2016-05-25', '2016-05-25 14:51:55', 2),
(818, 7, 5, '01-000001\n', 9, 455, 4095, 1, '2016-05-26', '2016-05-26 09:46:56', 2),
(819, 7, 5, '01-000003\n', 9, 496, 4464, 1, '2016-05-27', '2016-05-27 16:44:29', 2),
(820, 7, 5, '01-000001\n', 9, 450, 4050, 1, '2016-05-28', '2016-05-28 09:39:24', 2),
(821, 8, 5, '01-000006\n', 6, 487, 2922, 1, '2016-05-23', '2016-05-23 12:25:53', 2),
(822, 8, 5, '01-000003\n', 7, 463, 3241, 1, '2016-05-24', '2016-05-24 10:49:00', 2),
(823, 8, 5, '01-000010\n', 7, 457, 3199, 1, '2016-05-25', '2016-05-25 13:32:24', 2),
(824, 8, 5, '01-000003\n', 7, 468, 3276, 1, '2016-05-26', '2016-05-26 10:57:41', 2),
(825, 8, 5, '01-000008\n', 9, 461, 4149, 1, '2016-05-27', '2016-05-27 12:35:13', 2),
(826, 8, 5, '01-000002\n', 5, 453, 2265, 1, '2016-05-28', '2016-05-28 10:25:45', 2),
(827, 9, 5, '01-000002\n', 9, 473, 4257, 1, '2016-05-23', '2016-05-23 15:08:48', 2),
(828, 9, 5, '01-000007\n', 6, 473, 2838, 1, '2016-05-24', '2016-05-24 13:33:07', 2),
(829, 9, 5, '01-000010\n', 7, 491, 3437, 1, '2016-05-25', '2016-05-25 11:07:04', 2),
(830, 9, 5, '01-000009\n', 7, 453, 3171, 1, '2016-05-26', '2016-05-26 11:57:29', 2),
(831, 9, 5, '01-000005\n', 5, 458, 2290, 1, '2016-05-27', '2016-05-27 11:04:38', 2),
(832, 9, 5, '01-000004\n', 7, 458, 3206, 1, '2016-05-28', '2016-05-28 17:37:43', 2),
(833, 10, 5, '01-000004\n', 8, 475, 3800, 1, '2016-05-23', '2016-05-23 13:20:05', 2),
(834, 10, 5, '01-000007\n', 7, 497, 3479, 1, '2016-05-24', '2016-05-24 16:19:59', 2),
(835, 10, 5, '01-000009\n', 6, 454, 2724, 1, '2016-05-25', '2016-05-25 10:22:15', 2),
(836, 10, 5, '01-000004\n', 7, 493, 3451, 1, '2016-05-26', '2016-05-26 15:46:02', 2),
(837, 10, 5, '01-000005\n', 6, 492, 2952, 1, '2016-05-27', '2016-05-27 09:59:26', 2),
(838, 10, 5, '01-000004\n', 9, 491, 4419, 1, '2016-05-28', '2016-05-28 17:56:31', 2),
(839, 1, 6, '01-000007\n', 6, 494, 2964, 1, '2016-05-23', '2016-05-23 09:34:36', 2),
(840, 1, 6, '01-000003\n', 5, 493, 2465, 1, '2016-05-24', '2016-05-24 15:12:06', 2),
(841, 1, 6, '01-000006\n', 9, 513, 4617, 1, '2016-05-25', '2016-05-25 11:21:45', 2),
(842, 1, 6, '01-000003\n', 6, 488, 2928, 1, '2016-05-26', '2016-05-26 10:42:51', 2),
(843, 1, 6, '01-000009\n', 6, 476, 2856, 1, '2016-05-27', '2016-05-27 10:41:04', 2),
(844, 1, 6, '01-000010\n', 8, 488, 3904, 1, '2016-05-28', '2016-05-28 09:33:26', 2),
(845, 2, 6, '01-000003\n', 6, 473, 2838, 1, '2016-05-23', '2016-05-23 10:14:13', 2),
(846, 2, 6, '01-000001\n', 9, 507, 4563, 1, '2016-05-24', '2016-05-24 12:02:18', 2),
(847, 2, 6, '01-000008\n', 8, 485, 3880, 1, '2016-05-25', '2016-05-25 10:16:34', 2),
(848, 2, 6, '01-000001\n', 8, 495, 3960, 1, '2016-05-26', '2016-05-26 14:58:03', 2),
(849, 2, 6, '01-000007\n', 8, 497, 3976, 1, '2016-05-27', '2016-05-27 17:54:29', 2),
(850, 2, 6, '01-000001\n', 5, 500, 2500, 1, '2016-05-28', '2016-05-28 12:50:38', 2),
(851, 3, 6, '01-000003\n', 9, 518, 4662, 1, '2016-05-23', '2016-05-23 10:21:30', 2),
(852, 3, 6, '01-000004\n', 8, 473, 3784, 1, '2016-05-24', '2016-05-24 14:07:31', 2),
(853, 3, 6, '01-000003\n', 7, 498, 3486, 1, '2016-05-25', '2016-05-25 14:08:41', 2),
(854, 3, 6, '01-000004\n', 5, 475, 2375, 1, '2016-05-26', '2016-05-26 09:30:07', 2),
(855, 3, 6, '01-000001\n', 9, 478, 4302, 1, '2016-05-27', '2016-05-27 16:26:47', 2),
(856, 3, 6, '01-000010\n', 9, 480, 4320, 1, '2016-05-28', '2016-05-28 16:10:51', 2),
(857, 4, 6, '01-000008\n', 7, 510, 3570, 1, '2016-05-23', '2016-05-23 15:13:30', 2),
(858, 4, 6, '01-000001\n', 8, 515, 4120, 1, '2016-05-24', '2016-05-24 16:58:33', 2),
(859, 4, 6, '01-000005\n', 7, 485, 3395, 1, '2016-05-25', '2016-05-25 12:35:48', 2),
(860, 4, 6, '01-000003\n', 5, 491, 2455, 1, '2016-05-26', '2016-05-26 15:45:35', 2),
(861, 4, 6, '01-000009\n', 9, 502, 4518, 1, '2016-05-27', '2016-05-27 17:56:05', 2),
(862, 4, 6, '01-000003\n', 6, 471, 2826, 1, '2016-05-28', '2016-05-28 17:36:12', 2),
(863, 5, 6, '01-000004\n', 7, 476, 3332, 1, '2016-05-23', '2016-05-23 12:19:29', 2),
(864, 5, 6, '01-000005\n', 7, 477, 3339, 1, '2016-05-24', '2016-05-24 16:02:44', 2),
(865, 5, 6, '01-000003\n', 5, 502, 2510, 1, '2016-05-25', '2016-05-25 16:34:05', 2),
(866, 5, 6, '01-000009\n', 9, 505, 4545, 1, '2016-05-26', '2016-05-26 16:20:52', 2),
(867, 5, 6, '01-000002\n', 9, 516, 4644, 1, '2016-05-27', '2016-05-27 17:40:13', 2),
(868, 5, 6, '01-000010\n', 5, 484, 2420, 1, '2016-05-28', '2016-05-28 13:41:51', 2),
(869, 6, 6, '01-000002\n', 8, 511, 4088, 1, '2016-05-23', '2016-05-23 11:54:40', 2),
(870, 6, 6, '01-000002\n', 5, 496, 2480, 1, '2016-05-24', '2016-05-24 13:33:49', 2),
(871, 6, 6, '01-000009\n', 7, 493, 3451, 1, '2016-05-25', '2016-05-25 17:09:56', 2),
(872, 6, 6, '01-000009\n', 9, 481, 4329, 1, '2016-05-26', '2016-05-26 14:51:57', 2),
(873, 6, 6, '01-000001\n', 7, 504, 3528, 1, '2016-05-27', '2016-05-27 14:11:29', 2),
(874, 6, 6, '01-000009\n', 8, 504, 4032, 1, '2016-05-28', '2016-05-28 13:11:50', 2),
(875, 7, 6, '01-000008\n', 6, 473, 2838, 1, '2016-05-23', '2016-05-23 11:50:00', 2),
(876, 7, 6, '01-000006\n', 9, 515, 4635, 1, '2016-05-24', '2016-05-24 12:10:35', 2),
(877, 7, 6, '01-000004\n', 5, 485, 2425, 1, '2016-05-25', '2016-05-25 15:15:41', 2),
(878, 7, 6, '01-000003\n', 7, 511, 3577, 1, '2016-05-26', '2016-05-26 16:38:12', 2),
(879, 7, 6, '01-000009\n', 6, 493, 2958, 1, '2016-05-27', '2016-05-27 15:12:22', 2),
(880, 7, 6, '01-000003\n', 6, 504, 3024, 1, '2016-05-28', '2016-05-28 14:50:46', 2),
(881, 8, 6, '01-000005\n', 5, 479, 2395, 1, '2016-05-23', '2016-05-23 10:20:55', 2),
(882, 8, 6, '01-000003\n', 6, 474, 2844, 1, '2016-05-24', '2016-05-24 10:47:42', 2),
(883, 8, 6, '01-000006\n', 5, 519, 2595, 1, '2016-05-25', '2016-05-25 13:20:24', 2),
(884, 8, 6, '01-000005\n', 9, 494, 4446, 1, '2016-05-26', '2016-05-26 14:28:01', 2),
(885, 8, 6, '01-000008\n', 6, 489, 2934, 1, '2016-05-27', '2016-05-27 15:14:22', 2),
(886, 8, 6, '01-000010\n', 9, 478, 4302, 1, '2016-05-28', '2016-05-28 11:04:36', 2),
(887, 9, 6, '01-000007\n', 9, 488, 4392, 1, '2016-05-23', '2016-05-23 10:43:03', 2),
(888, 9, 6, '01-000001\n', 5, 507, 2535, 1, '2016-05-24', '2016-05-24 09:15:24', 2),
(889, 9, 6, '01-000007\n', 6, 491, 2946, 1, '2016-05-25', '2016-05-25 17:15:40', 2),
(890, 9, 6, '01-000003\n', 5, 479, 2395, 1, '2016-05-26', '2016-05-26 17:23:43', 2),
(891, 9, 6, '01-000007\n', 6, 516, 3096, 1, '2016-05-27', '2016-05-27 16:25:41', 2),
(892, 9, 6, '01-000008\n', 6, 486, 2916, 1, '2016-05-28', '2016-05-28 11:49:26', 2),
(893, 10, 6, '01-000003\n', 9, 511, 4599, 1, '2016-05-23', '2016-05-23 13:08:59', 2),
(894, 10, 6, '01-000006\n', 8, 482, 3856, 1, '2016-05-24', '2016-05-24 09:08:17', 2),
(895, 10, 6, '01-000006\n', 6, 509, 3054, 1, '2016-05-25', '2016-05-25 12:57:13', 2),
(896, 10, 6, '01-000002\n', 8, 474, 3792, 1, '2016-05-26', '2016-05-26 09:20:08', 2),
(897, 10, 6, '01-000009\n', 7, 516, 3612, 1, '2016-05-27', '2016-05-27 09:11:58', 2),
(898, 10, 6, '01-000001\n', 7, 496, 3472, 1, '2016-05-28', '2016-05-28 11:13:07', 1),
(899, 1, 8, '01-000001\n', 1, 541, 541, 1, '2016-05-23', '2016-05-23 15:20:04', 2),
(900, 1, 8, '01-000005\n', 2, 544, 1088, 1, '2016-05-24', '2016-05-24 15:28:02', 2),
(901, 1, 8, '01-000005\n', 1, 520, 520, 1, '2016-05-25', '2016-05-25 11:11:47', 2),
(902, 1, 8, '01-000006\n', 1, 537, 537, 1, '2016-05-26', '2016-05-26 13:03:30', 2),
(903, 1, 8, '01-000008\n', 2, 509, 1018, 1, '2016-05-27', '2016-05-27 14:08:08', 2),
(904, 1, 8, '01-000009\n', 2, 506, 1012, 1, '2016-05-28', '2016-05-28 17:22:12', 2),
(905, 2, 8, '01-000005\n', 2, 527, 1054, 1, '2016-05-23', '2016-05-23 15:24:05', 2),
(906, 2, 8, '01-000006\n', 2, 540, 1080, 1, '2016-05-24', '2016-05-24 11:32:11', 2),
(907, 2, 8, '01-000008\n', 1, 547, 547, 1, '2016-05-25', '2016-05-25 10:21:49', 2),
(908, 2, 8, '01-000006\n', 1, 524, 524, 1, '2016-05-26', '2016-05-26 10:41:07', 2),
(909, 2, 8, '01-000007\n', 1, 506, 506, 1, '2016-05-27', '2016-05-27 11:38:01', 2),
(910, 2, 8, '01-000001\n', 2, 505, 1010, 1, '2016-05-28', '2016-05-28 14:06:28', 2),
(911, 3, 8, '01-000010\n', 1, 528, 528, 1, '2016-05-23', '2016-05-23 10:31:02', 2),
(912, 3, 8, '01-000005\n', 2, 504, 1008, 1, '2016-05-24', '2016-05-24 09:34:50', 2),
(913, 3, 8, '01-000006\n', 2, 522, 1044, 1, '2016-05-25', '2016-05-25 11:08:14', 2),
(914, 3, 8, '01-000008\n', 1, 528, 528, 1, '2016-05-26', '2016-05-26 10:37:09', 2),
(915, 3, 8, '01-000003\n', 1, 506, 506, 1, '2016-05-27', '2016-05-27 14:41:11', 2),
(916, 3, 8, '01-000008\n', 2, 531, 1062, 1, '2016-05-28', '2016-05-28 17:41:54', 2),
(917, 4, 8, '01-000006\n', 2, 515, 1030, 1, '2016-05-23', '2016-05-23 15:43:55', 2),
(918, 4, 8, '01-000005\n', 2, 541, 1082, 1, '2016-05-24', '2016-05-24 17:30:29', 2),
(919, 4, 8, '01-000004\n', 2, 520, 1040, 1, '2016-05-25', '2016-05-25 11:23:11', 2),
(920, 4, 8, '01-000005\n', 1, 533, 533, 1, '2016-05-26', '2016-05-26 13:12:20', 2),
(921, 4, 8, '01-000010\n', 1, 530, 530, 1, '2016-05-27', '2016-05-27 09:39:42', 2),
(922, 4, 8, '01-000002\n', 1, 511, 511, 1, '2016-05-28', '2016-05-28 12:40:15', 2),
(923, 5, 8, '01-000004\n', 1, 506, 506, 1, '2016-05-23', '2016-05-23 11:37:25', 2),
(924, 5, 8, '01-000008\n', 1, 532, 532, 1, '2016-05-24', '2016-05-24 10:46:39', 2),
(925, 5, 8, '01-000001\n', 1, 516, 516, 1, '2016-05-25', '2016-05-25 17:43:45', 2),
(926, 5, 8, '01-000009\n', 2, 501, 1002, 1, '2016-05-26', '2016-05-26 14:32:45', 2),
(927, 5, 8, '01-000004\n', 2, 543, 1086, 1, '2016-05-27', '2016-05-27 10:57:49', 2),
(928, 5, 8, '01-000007\n', 1, 535, 535, 1, '2016-05-28', '2016-05-28 14:31:54', 2),
(929, 6, 8, '01-000001\n', 1, 513, 513, 1, '2016-05-23', '2016-05-23 09:11:43', 2),
(930, 6, 8, '01-000005\n', 2, 529, 1058, 1, '2016-05-24', '2016-05-24 09:59:45', 2),
(931, 6, 8, '01-000005\n', 2, 507, 1014, 1, '2016-05-25', '2016-05-25 11:23:47', 2),
(932, 6, 8, '01-000003\n', 2, 511, 1022, 1, '2016-05-26', '2016-05-26 10:08:36', 2),
(933, 6, 8, '01-000006\n', 2, 544, 1088, 1, '2016-05-27', '2016-05-27 10:51:46', 2),
(934, 6, 8, '01-000009\n', 2, 503, 1006, 1, '2016-05-28', '2016-05-28 15:25:33', 2),
(935, 7, 8, '01-000006\n', 1, 533, 533, 1, '2016-05-23', '2016-05-23 10:28:12', 2),
(936, 7, 8, '01-000002\n', 2, 529, 1058, 1, '2016-05-24', '2016-05-24 14:46:48', 2),
(937, 7, 8, '01-000001\n', 1, 502, 502, 1, '2016-05-25', '2016-05-25 15:59:33', 2),
(938, 7, 8, '01-000010\n', 1, 521, 521, 1, '2016-05-26', '2016-05-26 12:46:55', 2),
(939, 7, 8, '01-000005\n', 1, 509, 509, 1, '2016-05-27', '2016-05-27 09:14:30', 2),
(940, 7, 8, '01-000004\n', 1, 540, 540, 1, '2016-05-28', '2016-05-28 11:04:01', 2),
(941, 8, 8, '01-000008\n', 1, 503, 503, 1, '2016-05-23', '2016-05-23 14:23:13', 2),
(942, 8, 8, '01-000003\n', 2, 528, 1056, 1, '2016-05-24', '2016-05-24 16:26:07', 2),
(943, 8, 8, '01-000002\n', 2, 539, 1078, 1, '2016-05-25', '2016-05-25 12:13:35', 2),
(944, 8, 8, '01-000002\n', 2, 529, 1058, 1, '2016-05-26', '2016-05-26 16:11:18', 2),
(945, 8, 8, '01-000007\n', 2, 536, 1072, 1, '2016-05-27', '2016-05-27 11:19:26', 2),
(946, 8, 8, '01-000008\n', 1, 545, 545, 1, '2016-05-28', '2016-05-28 15:19:58', 2),
(947, 9, 8, '01-000004\n', 1, 547, 547, 1, '2016-05-23', '2016-05-23 14:25:50', 2),
(948, 9, 8, '01-000003\n', 1, 502, 502, 1, '2016-05-24', '2016-05-24 14:47:09', 2),
(949, 9, 8, '01-000003\n', 1, 514, 514, 1, '2016-05-25', '2016-05-25 14:34:21', 2),
(950, 9, 8, '01-000001\n', 2, 515, 1030, 1, '2016-05-26', '2016-05-26 17:49:43', 2),
(951, 9, 8, '01-000002\n', 2, 536, 1072, 1, '2016-05-27', '2016-05-27 11:25:12', 2),
(952, 9, 8, '01-000009\n', 2, 545, 1090, 1, '2016-05-28', '2016-05-28 12:02:37', 2),
(953, 10, 8, '01-000004\n', 2, 527, 1054, 1, '2016-05-23', '2016-05-23 17:25:37', 2),
(954, 10, 8, '01-000002\n', 2, 511, 1022, 1, '2016-05-24', '2016-05-24 10:51:10', 2),
(955, 10, 8, '01-000003\n', 1, 533, 533, 1, '2016-05-25', '2016-05-25 13:12:03', 2),
(956, 10, 8, '01-000010\n', 1, 511, 511, 1, '2016-05-26', '2016-05-26 13:35:15', 2),
(957, 10, 8, '01-000004\n', 2, 539, 1078, 1, '2016-05-27', '2016-05-27 11:39:24', 2),
(958, 10, 8, '01-000007\n', 2, 527, 1054, 1, '2016-05-28', '2016-05-28 12:48:35', 2),
(959, 1, 7, '01-000008\n', 4, 438, 1752, 1, '2016-05-23', '2016-05-23 17:19:18', 2),
(960, 1, 7, '01-000007\n', 2, 438, 876, 1, '2016-05-24', '2016-05-24 14:34:02', 2),
(961, 1, 7, '01-000003\n', 2, 439, 878, 1, '2016-05-25', '2016-05-25 09:33:21', 2),
(962, 1, 7, '01-000005\n', 2, 434, 868, 1, '2016-05-26', '2016-05-26 10:37:46', 2),
(963, 1, 7, '01-000005\n', 4, 429, 1716, 1, '2016-05-27', '2016-05-27 15:48:22', 2),
(964, 1, 7, '01-000008\n', 4, 430, 1720, 1, '2016-05-28', '2016-05-28 09:40:33', 2),
(965, 2, 7, '01-000006\n', 2, 450, 900, 1, '2016-05-23', '2016-05-23 17:53:38', 2),
(966, 2, 7, '01-000003\n', 4, 421, 1684, 1, '2016-05-24', '2016-05-24 13:40:59', 2),
(967, 2, 7, '01-000010\n', 3, 444, 1332, 1, '2016-05-25', '2016-05-25 14:11:09', 2),
(968, 2, 7, '01-000007\n', 3, 436, 1308, 1, '2016-05-26', '2016-05-26 15:02:47', 2),
(969, 2, 7, '01-000005\n', 4, 433, 1732, 1, '2016-05-27', '2016-05-27 14:57:54', 2),
(970, 2, 7, '01-000007\n', 3, 402, 1206, 1, '2016-05-28', '2016-05-28 16:53:01', 2),
(971, 3, 7, '01-000004\n', 4, 440, 1760, 1, '2016-05-23', '2016-05-23 15:30:04', 2),
(972, 3, 7, '01-000002\n', 3, 426, 1278, 1, '2016-05-24', '2016-05-24 15:19:18', 2),
(973, 3, 7, '01-000004\n', 4, 406, 1624, 1, '2016-05-25', '2016-05-25 17:31:18', 2),
(974, 3, 7, '01-000007\n', 3, 421, 1263, 1, '2016-05-26', '2016-05-26 12:39:09', 2),
(975, 3, 7, '01-000007\n', 3, 432, 1296, 1, '2016-05-27', '2016-05-27 14:16:00', 2),
(976, 3, 7, '01-000008\n', 2, 424, 848, 1, '2016-05-28', '2016-05-28 17:40:07', 2),
(977, 4, 7, '01-000009\n', 4, 448, 1792, 1, '2016-05-23', '2016-05-23 10:52:30', 2),
(978, 4, 7, '01-000010\n', 2, 405, 810, 1, '2016-05-24', '2016-05-24 13:53:10', 2),
(979, 4, 7, '01-000007\n', 2, 443, 886, 1, '2016-05-25', '2016-05-25 13:32:22', 2),
(980, 4, 7, '01-000008\n', 2, 402, 804, 1, '2016-05-26', '2016-05-26 15:46:47', 2),
(981, 4, 7, '01-000007\n', 2, 419, 838, 1, '2016-05-27', '2016-05-27 12:48:39', 2),
(982, 4, 7, '01-000009\n', 3, 439, 1317, 1, '2016-05-28', '2016-05-28 12:00:20', 2),
(983, 5, 7, '01-000003\n', 2, 449, 898, 1, '2016-05-23', '2016-05-23 10:49:05', 2),
(984, 5, 7, '01-000001\n', 3, 419, 1257, 1, '2016-05-24', '2016-05-24 14:45:18', 2),
(985, 5, 7, '01-000005\n', 4, 430, 1720, 1, '2016-05-25', '2016-05-25 16:34:24', 2),
(986, 5, 7, '01-000009\n', 3, 424, 1272, 1, '2016-05-26', '2016-05-26 12:53:27', 2),
(987, 5, 7, '01-000002\n', 3, 404, 1212, 1, '2016-05-27', '2016-05-27 14:09:33', 2),
(988, 5, 7, '01-000002\n', 4, 407, 1628, 1, '2016-05-28', '2016-05-28 10:16:13', 2),
(989, 6, 7, '01-000001\n', 2, 430, 860, 1, '2016-05-23', '2016-05-23 13:59:55', 2),
(990, 6, 7, '01-000009\n', 2, 405, 810, 1, '2016-05-24', '2016-05-24 14:58:48', 2),
(991, 6, 7, '01-000001\n', 3, 447, 1341, 1, '2016-05-25', '2016-05-25 13:04:40', 2),
(992, 6, 7, '01-000006\n', 3, 406, 1218, 1, '2016-05-26', '2016-05-26 17:30:33', 2),
(993, 6, 7, '01-000006\n', 4, 421, 1684, 1, '2016-05-27', '2016-05-27 16:18:52', 2),
(994, 6, 7, '01-000009\n', 4, 418, 1672, 1, '2016-05-28', '2016-05-28 15:08:09', 2),
(995, 7, 7, '01-000008\n', 3, 421, 1263, 1, '2016-05-23', '2016-05-23 09:36:50', 2),
(996, 7, 7, '01-000004\n', 4, 446, 1784, 1, '2016-05-24', '2016-05-24 12:05:51', 2),
(997, 7, 7, '01-000008\n', 3, 403, 1209, 1, '2016-05-25', '2016-05-25 14:18:22', 2),
(998, 7, 7, '01-000010\n', 2, 443, 886, 1, '2016-05-26', '2016-05-26 14:48:47', 2),
(999, 7, 7, '01-000010\n', 3, 420, 1260, 1, '2016-05-27', '2016-05-27 17:17:59', 2),
(1000, 7, 7, '01-000010\n', 3, 435, 1305, 1, '2016-05-28', '2016-05-28 10:11:09', 2),
(1001, 8, 7, '01-000007\n', 2, 446, 892, 1, '2016-05-23', '2016-05-23 12:17:07', 2),
(1002, 8, 7, '01-000005\n', 4, 404, 1616, 1, '2016-05-24', '2016-05-24 15:52:30', 2),
(1003, 8, 7, '01-000002\n', 3, 418, 1254, 1, '2016-05-25', '2016-05-25 11:09:30', 2),
(1004, 8, 7, '01-000010\n', 2, 424, 848, 1, '2016-05-26', '2016-05-26 14:27:58', 2),
(1005, 8, 7, '01-000003\n', 3, 403, 1209, 1, '2016-05-27', '2016-05-27 09:02:15', 2),
(1006, 8, 7, '01-000008\n', 2, 401, 802, 1, '2016-05-28', '2016-05-28 11:44:33', 2),
(1007, 9, 7, '01-000006\n', 2, 448, 896, 1, '2016-05-23', '2016-05-23 14:43:17', 2),
(1008, 9, 7, '01-000009\n', 4, 431, 1724, 1, '2016-05-24', '2016-05-24 13:02:20', 2),
(1009, 9, 7, '01-000004\n', 4, 436, 1744, 1, '2016-05-25', '2016-05-25 17:48:26', 2),
(1010, 9, 7, '01-000009\n', 2, 444, 888, 1, '2016-05-26', '2016-05-26 15:20:44', 2),
(1011, 9, 7, '01-000009\n', 2, 410, 820, 1, '2016-05-27', '2016-05-27 11:01:46', 2),
(1012, 9, 7, '01-000010\n', 3, 420, 1260, 1, '2016-05-28', '2016-05-28 10:37:47', 2),
(1013, 10, 7, '01-000004\n', 2, 445, 890, 1, '2016-05-23', '2016-05-23 17:24:49', 2),
(1014, 10, 7, '01-000006\n', 3, 408, 1224, 1, '2016-05-24', '2016-05-24 10:03:20', 2),
(1015, 10, 7, '01-000009\n', 3, 417, 1251, 1, '2016-05-25', '2016-05-25 17:36:51', 2),
(1016, 10, 7, '01-000007\n', 4, 411, 1644, 1, '2016-05-26', '2016-05-26 11:20:21', 2),
(1017, 10, 7, '01-000005\n', 4, 406, 1624, 1, '2016-05-27', '2016-05-27 13:06:04', 2),
(1018, 10, 7, '01-000008\n', 2, 412, 824, 1, '2016-05-28', '2016-05-28 17:48:07', 1),
(1019, 9, 5, '0200005215', 10, 550, 5500, 1, '2016-06-20', '2016-06-21 09:34:07', 2),
(1020, 3, 5, '11', 12, 12, 144, 1, '2016-10-17', '2016-10-17 14:56:51', 2),
(1021, 7, 5, '123', 100, 123, 12300, 1, '2016-10-17', '2016-10-17 14:57:26', 2),
(1022, 2, 5, '99999', 30, 12, 360, 1, '2016-10-23', '2016-10-23 06:49:53', 1),
(1023, 2, 8, '99999', 44, 12, 528, 1, '2016-10-23', '2016-10-23 06:49:53', 1),
(1024, 4, 9, '001', 19, 200, 3800, 1, '2017-03-01', '2017-03-01 08:18:53', 1);

-- --------------------------------------------------------

--
-- Table structure for table `pago`
--

CREATE TABLE IF NOT EXISTS `pago` (
  `id_pago` int(11) NOT NULL AUTO_INCREMENT,
  `id_factura` int(11) NOT NULL,
  `monto` float NOT NULL,
  `id_colaborador` int(11) NOT NULL,
  `fecha_registro` timestamp NOT NULL DEFAULT CURRENT_TIMESTAMP,
  `estado` int(11) NOT NULL DEFAULT '1',
  PRIMARY KEY (`id_pago`)
) ENGINE=MyISAM  DEFAULT CHARSET=utf8 AUTO_INCREMENT=42 ;

--
-- Dumping data for table `pago`
--

INSERT INTO `pago` (`id_pago`, `id_factura`, `monto`, `id_colaborador`, `fecha_registro`, `estado`) VALUES
(17, 34, 515096, 1, '2016-05-07 11:30:00', 1),
(16, 33, 523940, 1, '2016-05-06 10:00:00', 1),
(15, 32, 508300, 1, '2016-05-07 12:00:00', 1),
(14, 31, 500500, 1, '2016-05-06 17:00:00', 1),
(18, 35, 239400, 1, '2016-05-05 10:00:00', 1),
(19, 36, 414000, 1, '2016-05-05 11:30:00', 1),
(20, 37, 499200, 1, '2016-05-13 11:00:00', 1),
(21, 38, 507000, 1, '2016-05-13 16:00:00', 1),
(22, 39, 523404, 1, '2016-05-13 09:00:00', 1),
(23, 40, 516436, 1, '2016-05-14 11:30:00', 1),
(24, 41, 230440, 1, '2016-05-12 11:00:00', 1),
(25, 42, 418800, 1, '2016-05-12 11:30:00', 1),
(26, 43, 504920, 1, '2016-05-20 12:00:00', 1),
(27, 44, 505440, 1, '2016-05-21 11:30:00', 1),
(28, 45, 531444, 1, '2016-05-20 11:00:00', 1),
(29, 46, 520456, 1, '2016-05-21 10:30:00', 1),
(30, 47, 235480, 1, '2016-05-19 17:00:00', 1),
(31, 48, 415440, 1, '2016-05-19 11:40:00', 1),
(32, 49, 505180, 1, '2016-05-27 10:00:00', 1),
(33, 50, 494260, 1, '2016-05-28 11:30:00', 1),
(34, 51, 510004, 1, '2016-05-27 08:00:00', 1),
(35, 52, 510808, 1, '2016-05-28 10:30:00', 1),
(36, 53, 225120, 1, '2016-05-26 16:30:00', 1),
(37, 54, 408720, 1, '2016-05-26 10:00:00', 1),
(38, 55, 208780, 1, '2016-05-26 14:00:00', 1),
(39, 56, 101360, 1, '2016-05-27 12:44:00', 1),
(40, 57, 73680, 1, '2016-05-26 11:34:00', 1),
(41, 58, 263176, 1, '2016-05-28 10:00:00', 1);

-- --------------------------------------------------------

--
-- Table structure for table `pedido`
--

CREATE TABLE IF NOT EXISTS `pedido` (
  `id_pedido` int(11) NOT NULL AUTO_INCREMENT,
  `id_colaborador` int(11) NOT NULL,
  `id_cliente` int(11) NOT NULL,
  `n_pedido` varchar(100) NOT NULL,
  `direccion` varchar(100) NOT NULL,
  `total` float NOT NULL,
  `fecha` datetime NOT NULL,
  `estado_pedido` varchar(100) NOT NULL,
  `fecha_registro` timestamp NOT NULL DEFAULT CURRENT_TIMESTAMP,
  `estado` int(11) NOT NULL DEFAULT '1',
  PRIMARY KEY (`id_pedido`)
) ENGINE=MyISAM  DEFAULT CHARSET=utf8 AUTO_INCREMENT=57 ;

--
-- Dumping data for table `pedido`
--

INSERT INTO `pedido` (`id_pedido`, `id_colaborador`, `id_cliente`, `n_pedido`, `direccion`, `total`, `fecha`, `estado_pedido`, `fecha_registro`, `estado`) VALUES
(36, 1, 5, 'PEDI000000012', 'Av. Naranjal n°23  Los Olivos', 104700, '2016-05-12 08:00:00', 'ENTREGADO', '2016-05-09 11:03:58', 1),
(35, 1, 9, 'PEDI000000011', 'Jiron domingo N°110 urb.san carlos', 57610, '2016-05-12 07:00:00', 'ENTREGADO', '2016-05-09 11:03:00', 1),
(34, 1, 12, 'PEDI000000010', 'Av. Las magnolias N°178 Callao', 129109, '2016-05-14 07:00:00', 'ENTREGADO', '2016-05-09 11:01:56', 1),
(33, 1, 11, 'PEDI000000009', 'Calle la fortaleza N°234 Callao', 130851, '2016-05-13 07:00:00', 'ENTREGADO', '2016-05-09 11:00:30', 1),
(25, 1, 1, 'PEDI000000001', 'Jr Casuarnias/ Espalda del Ovalo Gutierrez Miraflores', 125125, '2016-05-06 10:00:00', 'ENTREGADO', '2016-05-02 10:14:57', 1),
(26, 1, 11, 'PEDI000000002', 'Calle la fortaleza N°234 Callao', 127075, '2016-05-07 09:00:00', 'ENTREGADO', '2016-05-02 10:17:56', 1),
(27, 1, 12, 'PEDI000000003', 'Av. Las magnolias N°178 Callao', 130985, '2016-05-06 08:00:00', 'ENTREGADO', '2016-05-02 10:20:59', 1),
(28, 1, 1, 'PEDI000000004', 'Av. Las magnolias N°178 Callao Ref al costado Grio San Ramon', 128774, '2016-05-07 09:00:00', 'ENTREGADO', '2016-05-02 10:22:48', 1),
(29, 1, 3, 'PEDI000000005', 'Av. Los portales N°345  Puente Piedra', 59850, '2016-05-05 08:00:00', 'ENTREGADO', '2016-05-02 10:33:57', 1),
(30, 1, 10, 'PEDI000000006', 'Jr.Suarez N°450  Comas', 103500, '2016-05-05 09:00:00', 'ENTREGADO', '2016-05-02 10:35:33', 1),
(31, 1, 1, 'PEDI000000007', 'Jr pallasca 444 urb covida Los olivos', 124800, '2016-05-13 08:00:00', 'ENTREGADO', '2016-05-09 10:58:27', 1),
(32, 1, 2, 'PEDI000000008', 'Jr Casuarnias/ Espalda del Ovalo Gutierrez Miraflores', 126750, '2016-05-14 08:00:00', 'ENTREGADO', '2016-05-09 10:59:31', 1),
(37, 1, 1, 'PEDI000000013', 'Jr pallasca 444 urb covida Los olivos', 126230, '2016-05-20 09:00:00', 'ENTREGADO', '2016-05-16 11:17:45', 1),
(38, 1, 2, 'PEDI000000014', 'Jr Casuarnias/ Espalda del Ovalo Gutierrez Miraflores', 126360, '2016-05-21 08:00:00', 'ENTREGADO', '2016-05-16 11:19:21', 1),
(39, 1, 2, 'PEDI000000015', 'Jr Casuarnias/ Espalda del Ovalo Gutierrez Miraflores', 132861, '2016-05-20 07:00:00', 'ENTREGADO', '2016-05-16 11:21:39', 1),
(40, 1, 12, 'PEDI000000016', 'Av. Las magnolias N°178 Callao', 130114, '2016-05-21 07:00:00', 'ENTREGADO', '2016-05-16 11:22:50', 1),
(41, 1, 4, 'PEDI000000017', 'Jiron rosales N°45  Callao', 58870, '2016-05-19 09:00:00', 'ENTREGADO', '2016-05-16 11:24:33', 1),
(42, 1, 3, 'PEDI000000018', 'Av. Los portales N°345  Puente Piedra', 103860, '2016-05-19 07:00:00', 'ENTREGADO', '2016-05-16 11:26:35', 1),
(43, 1, 1, 'PEDI000000019', 'Jr pallasca 444 urb covida Los olivos', 126295, '2016-05-27 06:00:00', 'ENTREGADO', '2016-05-23 11:28:46', 1),
(44, 1, 2, 'PEDI000000020', 'Jr Casuarnias/ Espalda del Ovalo Gutierrez Miraflores', 123565, '2016-05-28 07:00:00', 'ENTREGADO', '2016-05-23 11:30:11', 1),
(45, 1, 11, 'PEDI000000021', 'Calle la fortaleza N°234 Callao', 127501, '2016-05-27 05:00:00', 'ENTREGADO', '2016-05-23 11:31:22', 1),
(46, 1, 12, 'PEDI000000022', 'Av. Las magnolias N°178 Callao', 127702, '2016-05-28 06:00:00', 'ENTREGADO', '2016-05-23 11:32:29', 1),
(47, 1, 6, 'PEDI000000023', 'Jiron pinedo N° 780 cuadra 5 Comas', 56280, '2016-05-26 08:00:00', 'ENTREGADO', '2016-05-23 11:51:38', 1),
(48, 1, 5, 'PEDI000000024', 'Av. Naranjal n°23  Los Olivos', 102180, '2016-05-26 07:00:00', 'ENTREGADO', '2016-05-23 11:53:45', 1),
(49, 1, 11, 'PEDI000000025', 'Calle la fortaleza N°234 ', 52195, '2016-05-26 10:00:00', 'ENTREGADO', '2016-05-24 14:51:49', 1),
(50, 1, 1, 'PEDI000000026', 'Jr pallasca 444 urb covida Los olivos', 25340, '2016-05-27 09:00:00', 'ENTREGADO', '2016-05-24 14:58:31', 1),
(51, 1, 11, 'PEDI000000027', 'Calle la fortaleza N°234 Callao', 18420, '2016-05-26 08:00:00', 'ENTREGADO', '2016-05-24 15:20:53', 1),
(52, 1, 12, 'PEDI000000028', 'Av. Las magnolias N°178 Callao', 65794, '2016-05-28 06:00:00', 'ENTREGADO', '2016-05-24 15:25:33', 1),
(53, 1, 2, 'PEDI000000029', 'as', 2010, '2016-07-11 08:00:00', 'CANCELADO', '2016-07-11 15:22:30', 1),
(54, 1, 1, 'PEDI000000030', 'psj 123', 78000, '2016-10-17 13:00:00', 'PENDIENTE', '2016-10-17 14:58:20', 1),
(55, 1, 7, 'PEDI000000031', 'aaaa', 31080, '2016-10-08 13:00:00', 'PENDIENTE', '2016-10-23 06:51:26', 1),
(56, 1, 2, 'PEDI000000032', 'salida', 60, '2017-03-02 01:00:00', 'PENDIENTE', '2017-03-01 08:19:59', 1);

-- --------------------------------------------------------

--
-- Table structure for table `producto`
--

CREATE TABLE IF NOT EXISTS `producto` (
  `id_producto` int(11) NOT NULL AUTO_INCREMENT,
  `n_producto` varchar(100) NOT NULL,
  `nombre` varchar(100) NOT NULL,
  `id_clasificacion` int(11) NOT NULL,
  `descripcion` varchar(500) NOT NULL,
  `id_unidad` int(11) NOT NULL,
  `precio_venta` float NOT NULL,
  `stock_minimo` float NOT NULL,
  `imagen` varchar(100) NOT NULL,
  `fecha_registro` timestamp NOT NULL DEFAULT CURRENT_TIMESTAMP,
  `estado` int(11) NOT NULL DEFAULT '1',
  PRIMARY KEY (`id_producto`)
) ENGINE=MyISAM  DEFAULT CHARSET=utf8 AUTO_INCREMENT=10 ;

--
-- Dumping data for table `producto`
--

INSERT INTO `producto` (`id_producto`, `n_producto`, `nombre`, `id_clasificacion`, `descripcion`, `id_unidad`, `precio_venta`, `stock_minimo`, `imagen`, `fecha_registro`, `estado`) VALUES
(5, 'PRODU000000001\r\n', 'Liviano', 5, 'metal liviano principal', 1, 650, 180, '', '2016-04-30 13:07:30', 1),
(6, 'PRODU000000001\r\n', 'Pesado', 5, 'metal principal', 1, 670, 180, '', '2016-04-30 13:07:54', 1),
(7, 'PRODU000000002\r\n', 'Vidrio_c1', 7, 'producto proyecto', 1, 600, 165, '', '2016-04-30 13:11:39', 1),
(8, 'PRODU000000002\r\n', 'plastico_1', 6, 'plastico producto nuevo', 1, 700, 75, '', '2016-04-30 13:13:50', 1),
(9, 'PRODU000000003', 'motul', 10, 'aceite para motos xxx', 3, 12, 10, '', '2017-03-01 08:18:01', 1);

-- --------------------------------------------------------

--
-- Table structure for table `proveedor`
--

CREATE TABLE IF NOT EXISTS `proveedor` (
  `id_proveedor` int(11) NOT NULL AUTO_INCREMENT,
  `ruc` varchar(20) NOT NULL,
  `razon_social` varchar(100) NOT NULL,
  `descripcion` varchar(500) NOT NULL,
  `direccion` varchar(100) NOT NULL,
  `telefono` varchar(9) NOT NULL,
  `correo` varchar(100) NOT NULL,
  `contacto` varchar(100) NOT NULL,
  `fecha_registro` timestamp NOT NULL DEFAULT CURRENT_TIMESTAMP,
  `estado` int(11) NOT NULL DEFAULT '1',
  PRIMARY KEY (`id_proveedor`)
) ENGINE=MyISAM  DEFAULT CHARSET=utf8 AUTO_INCREMENT=11 ;

--
-- Dumping data for table `proveedor`
--

INSERT INTO `proveedor` (`id_proveedor`, `ruc`, `razon_social`, `descripcion`, `direccion`, `telefono`, `correo`, `contacto`, `fecha_registro`, `estado`) VALUES
(3, '20453489709', 'Aceros Arequipa', 'Proveedor 2', 'Av. Las flores n°450', '905254509', 'arequipa@hotmail.com', 'Rolando rivera', '2016-05-05 19:53:58', 1),
(2, '20007567430', 'Calvin klein', 'Proveedor Principal', 'Jr lampa 1443 urb el pinar comas', '013448822', 'calvin.klein.aceros2000@hotmail.com', 'Roberto Pereda 993888333', '2016-05-04 17:29:37', 1),
(1, '20007567467', 'ContactoAceros', 'Proveedor principal', 'Jr los Heraldos 243 urb santo domingo', '015543244', 'contacto.metal.122@gmail.com', 'Joel Cardenas 984223552', '2016-05-04 17:27:38', 1),
(4, '20453239708', 'Aceros arica', 'Proveedor3', 'Av. Las camelias n123', '905254345', 'arica@hotmail.com', 'Jose verastegui', '2016-05-05 19:57:09', 1),
(5, '20453234709', 'Aleametal', 'Proveedor 5', 'Av. Los Condores Mz. Y Lote 14 Centro Poblado La Union Manchay Alto Pachacamac\r\nPachacamac - Lima', '925254505', 'aleametal@hotmail.com', 'Rogelio Barreto', '2016-05-09 18:02:33', 1),
(6, '20233239739', 'Reciclados Marisol', 'Proveedores 5', 'Calle Elías Aguirre, 406 - Mariano Melgar\r\nArequipa - Arequipa', '975254777', 'recicladosmarisol@hotmail.com', 'Jose valdiviezo', '2016-05-09 18:06:20', 1),
(7, '20222489793', 'PROMAFAIND S.A.C.', 'Proveedores 5', 'Avenida Huandoy Mz.E2 Lt. 33\r\nLos Olivos - Lima', '965254534', 'PROMAFAIND@hotmail.com', 'Carlos enriquez', '2016-05-09 18:13:56', 1),
(8, '20400489711', 'INDUSTRIA METÁLICA ANDERSON', 'Proveedor 8', 'Avenida Colectora Industrial - Mz. A-7 Lt. 1 - Urb. Los Portales (Alt. del Grifo Pecsa)\r\nSanta Anita', '987254522', 'INDUSTRIAMETALICAANDERSON@com', 'Sergio tovar', '2016-05-09 18:24:55', 1),
(9, '20453489719', 'ALEACIONES INDUSTRIALES DYC', 'Provedores 9 ', 'Jirón Leoncio Prado, 1045 - Of. A\r\nMagdalena del Mar - Lima', '925254505', 'ALEACIONESiNDUSTRIALES@com', 'Enrique ramirez', '2016-05-09 18:27:50', 1),
(10, '20876234100', 'Metales Raquel', 'Proveedor 17', 'Jirón Tomás Catari, 840 - Int. 2 Urb. El Trébol\r\nLos Olivos - Lima', '925254510', 'MetalesRaquel2016@gmail.com', 'Alberto rodriguez', '2016-05-09 19:44:47', 1);

-- --------------------------------------------------------

--
-- Table structure for table `stock`
--

CREATE TABLE IF NOT EXISTS `stock` (
  `id_stock` int(11) NOT NULL AUTO_INCREMENT,
  `id_producto` int(11) NOT NULL,
  `cantidad` float NOT NULL,
  `fecha_registro` timestamp NOT NULL DEFAULT CURRENT_TIMESTAMP,
  `estado` int(11) NOT NULL DEFAULT '1',
  PRIMARY KEY (`id_stock`)
) ENGINE=MyISAM  DEFAULT CHARSET=utf8 AUTO_INCREMENT=1069 ;

--
-- Dumping data for table `stock`
--

INSERT INTO `stock` (`id_stock`, `id_producto`, `cantidad`, `fecha_registro`, `estado`) VALUES
(62, 5, 11.4, '2016-05-02 05:00:00', 0),
(86, 5, 184.4, '2016-05-04 05:00:00', 0),
(85, 5, 177.4, '2016-05-03 05:00:00', 0),
(84, 5, 169.4, '2016-05-02 05:00:00', 0),
(83, 5, 164.4, '2016-05-07 05:00:00', 0),
(82, 5, 155.4, '2016-05-06 05:00:00', 0),
(81, 5, 149.4, '2016-05-05 05:00:00', 0),
(80, 5, 141.4, '2016-05-04 05:00:00', 0),
(79, 5, 132.4, '2016-05-03 05:00:00', 0),
(78, 5, 126.4, '2016-05-02 05:00:00', 0),
(77, 5, 121.4, '2016-05-07 05:00:00', 0),
(76, 5, 116.4, '2016-05-06 05:00:00', 0),
(75, 5, 107.4, '2016-05-05 05:00:00', 0),
(74, 5, 101.4, '2016-05-04 05:00:00', 0),
(73, 5, 92.4, '2016-05-03 05:00:00', 0),
(72, 5, 83.4, '2016-05-02 05:00:00', 0),
(71, 5, 75.4, '2016-05-07 05:00:00', 0),
(70, 5, 68.4, '2016-05-06 05:00:00', 0),
(69, 5, 60.4, '2016-05-05 05:00:00', 0),
(68, 5, 51.4, '2016-05-04 05:00:00', 0),
(67, 5, 45.4, '2016-05-03 05:00:00', 0),
(66, 5, 37.4, '2016-05-02 05:00:00', 0),
(65, 5, 32.4, '2016-05-05 05:00:00', 0),
(64, 5, 25.4, '2016-05-04 05:00:00', 0),
(63, 5, 18.4, '2016-05-03 05:00:00', 0),
(26, 6, 78.4, '2016-05-25 07:26:23', 0),
(27, 6, 84.6, '2016-05-25 07:29:07', 0),
(28, 6, 92.7, '2016-05-25 07:30:16', 0),
(29, 8, 1, '2016-05-25 07:32:29', 0),
(30, 8, 2, '2016-05-25 07:33:18', 0),
(31, 8, 4.3, '2016-05-25 07:35:03', 0),
(32, 8, 5.5, '2016-05-25 07:36:09', 0),
(33, 8, 6.8, '2016-05-25 07:37:55', 0),
(34, 8, 9, '2016-05-25 07:42:21', 0),
(35, 8, 10.3, '2016-05-25 07:42:58', 0),
(36, 8, 12.7, '2016-05-25 07:43:42', 0),
(37, 8, 15.3, '2016-05-25 07:48:03', 0),
(38, 8, 17.4, '2016-05-25 07:49:02', 0),
(39, 7, 3.1, '2016-05-25 07:55:19', 0),
(40, 7, 6.3, '2016-05-25 07:56:32', 0),
(41, 7, 8.6, '2016-05-25 07:57:11', 0),
(42, 7, 12.7, '2016-05-25 07:58:50', 0),
(43, 7, 16, '2016-05-25 07:59:37', 0),
(44, 7, 18.5, '2016-05-25 08:00:56', 0),
(45, 7, 21.7, '2016-05-25 08:02:10', 0),
(46, 5, 57.3, '2016-05-25 08:09:38', 0),
(47, 5, 40.1, '2016-05-25 08:11:31', 0),
(48, 5, 21.7, '2016-05-25 08:12:55', 0),
(49, 5, 5.4, '2016-05-25 08:15:09', 0),
(50, 6, 75.3, '2016-05-25 08:17:32', 0),
(51, 6, 57.1, '2016-05-25 08:19:18', 0),
(52, 6, 40.8, '2016-05-25 08:20:21', 0),
(53, 6, 22.9, '2016-05-25 08:25:39', 0),
(54, 8, 13.2, '2016-05-25 08:38:37', 0),
(55, 8, 7.9, '2016-05-25 08:40:16', 0),
(56, 8, 3.7, '2016-05-25 08:41:21', 0),
(57, 7, 13.4, '2016-05-25 08:48:31', 0),
(58, 7, 5.2, '2016-05-25 08:49:38', 0),
(59, 7, 8.7, '2016-05-25 08:50:28', 0),
(60, 7, 12.6, '2016-05-25 08:51:15', 0),
(61, 7, 3.4, '2016-05-25 08:52:13', 0),
(87, 5, 189.4, '2016-05-05 05:00:00', 0),
(88, 5, 198.4, '2016-05-06 05:00:00', 0),
(89, 5, 204.4, '2016-05-07 05:00:00', 0),
(90, 5, 212.4, '2016-05-02 05:00:00', 0),
(91, 5, 219.4, '2016-05-03 05:00:00', 0),
(92, 5, 228.4, '2016-05-04 05:00:00', 0),
(93, 5, 236.4, '2016-05-05 05:00:00', 0),
(94, 5, 243.4, '2016-05-06 05:00:00', 0),
(95, 5, 250.4, '2016-05-07 05:00:00', 0),
(96, 5, 257.4, '2016-05-02 05:00:00', 0),
(97, 5, 262.4, '2016-05-03 05:00:00', 0),
(98, 5, 271.4, '2016-05-04 05:00:00', 0),
(99, 5, 279.4, '2016-05-05 05:00:00', 0),
(100, 5, 287.4, '2016-05-06 05:00:00', 0),
(101, 5, 292.4, '2016-05-07 05:00:00', 0),
(102, 5, 298.4, '2016-05-02 05:00:00', 0),
(103, 5, 305.4, '2016-05-03 05:00:00', 0),
(104, 5, 314.4, '2016-05-04 05:00:00', 0),
(105, 5, 319.4, '2016-05-05 05:00:00', 0),
(106, 5, 327.4, '2016-05-06 05:00:00', 0),
(107, 5, 335.4, '2016-05-07 05:00:00', 0),
(108, 5, 344.4, '2016-05-02 05:00:00', 0),
(109, 5, 351.4, '2016-05-03 05:00:00', 0),
(110, 5, 357.4, '2016-05-04 05:00:00', 0),
(111, 5, 365.4, '2016-05-05 05:00:00', 0),
(112, 5, 371.4, '2016-05-06 05:00:00', 0),
(113, 5, 377.4, '2016-05-07 05:00:00', 0),
(114, 5, 386.4, '2016-05-02 05:00:00', 0),
(115, 5, 394.4, '2016-05-03 05:00:00', 0),
(116, 5, 400.4, '2016-05-04 05:00:00', 0),
(117, 5, 405.4, '2016-05-05 05:00:00', 0),
(118, 5, 412.4, '2016-05-06 05:00:00', 0),
(119, 5, 421.4, '2016-05-07 05:00:00', 0),
(120, 5, 427.4, '2016-05-02 05:00:00', 0),
(121, 5, 432.4, '2016-05-03 05:00:00', 0),
(122, 5, 437.4, '2016-05-04 05:00:00', 0),
(123, 5, 446.4, '2016-05-05 05:00:00', 0),
(124, 5, 453.4, '2016-05-06 05:00:00', 0),
(125, 5, 458.4, '2016-05-07 05:00:00', 0),
(126, 6, 31.9, '2016-05-02 05:00:00', 0),
(127, 6, 40.9, '2016-05-03 05:00:00', 0),
(128, 6, 47.9, '2016-05-04 05:00:00', 0),
(129, 6, 56.9, '2016-05-05 05:00:00', 0),
(130, 6, 64.9, '2016-05-06 05:00:00', 0),
(131, 6, 72.9, '2016-05-07 05:00:00', 0),
(132, 6, 81.9, '2016-05-02 05:00:00', 0),
(133, 6, 89.9, '2016-05-03 05:00:00', 0),
(134, 6, 96.9, '2016-05-04 05:00:00', 0),
(135, 6, 104.9, '2016-05-05 05:00:00', 0),
(136, 6, 109.9, '2016-05-06 05:00:00', 0),
(137, 6, 117.9, '2016-05-07 05:00:00', 0),
(138, 6, 126.9, '2016-05-02 05:00:00', 0),
(139, 6, 133.9, '2016-05-03 05:00:00', 0),
(140, 6, 139.9, '2016-05-04 05:00:00', 0),
(141, 6, 148.9, '2016-05-05 05:00:00', 0),
(142, 6, 154.9, '2016-05-06 05:00:00', 0),
(143, 6, 162.9, '2016-05-07 05:00:00', 0),
(144, 6, 171.9, '2016-05-02 05:00:00', 0),
(145, 6, 177.9, '2016-05-03 05:00:00', 0),
(146, 6, 182.9, '2016-05-04 05:00:00', 0),
(147, 6, 190.9, '2016-05-05 05:00:00', 0),
(148, 6, 196.9, '2016-05-06 05:00:00', 0),
(149, 6, 203.9, '2016-05-07 05:00:00', 0),
(150, 6, 210.9, '2016-05-02 05:00:00', 0),
(151, 6, 215.9, '2016-05-03 05:00:00', 0),
(152, 6, 222.9, '2016-05-04 05:00:00', 0),
(153, 6, 228.9, '2016-05-05 05:00:00', 0),
(154, 6, 235.9, '2016-05-06 05:00:00', 0),
(155, 6, 242.9, '2016-05-07 05:00:00', 0),
(156, 6, 249.9, '2016-05-02 05:00:00', 0),
(157, 6, 255.9, '2016-05-03 05:00:00', 0),
(158, 6, 260.9, '2016-05-04 05:00:00', 0),
(159, 6, 268.9, '2016-05-05 05:00:00', 0),
(160, 6, 276.9, '2016-05-06 05:00:00', 0),
(161, 6, 284.9, '2016-05-07 05:00:00', 0),
(162, 6, 292.9, '2016-05-02 05:00:00', 0),
(163, 6, 297.9, '2016-05-03 05:00:00', 0),
(164, 6, 304.9, '2016-05-04 05:00:00', 0),
(165, 6, 309.9, '2016-05-05 05:00:00', 0),
(166, 6, 316.9, '2016-05-06 05:00:00', 0),
(167, 6, 322.9, '2016-05-07 05:00:00', 0),
(168, 6, 327.9, '2016-05-02 05:00:00', 0),
(169, 6, 333.9, '2016-05-03 05:00:00', 0),
(170, 6, 342.9, '2016-05-04 05:00:00', 0),
(171, 6, 347.9, '2016-05-05 05:00:00', 0),
(172, 6, 355.9, '2016-05-06 05:00:00', 0),
(173, 6, 361.9, '2016-05-07 05:00:00', 0),
(174, 6, 367.9, '2016-05-02 05:00:00', 0),
(175, 6, 376.9, '2016-05-03 05:00:00', 0),
(176, 6, 385.9, '2016-05-04 05:00:00', 0),
(177, 6, 392.9, '2016-05-05 05:00:00', 0),
(178, 6, 398.9, '2016-05-06 05:00:00', 0),
(179, 6, 403.9, '2016-05-07 05:00:00', 0),
(180, 6, 409.9, '2016-05-02 05:00:00', 0),
(181, 6, 415.9, '2016-05-03 05:00:00', 0),
(182, 6, 424.9, '2016-05-04 05:00:00', 0),
(183, 6, 430.9, '2016-05-05 05:00:00', 0),
(184, 6, 439.9, '2016-05-06 05:00:00', 0),
(185, 6, 447.9, '2016-05-07 05:00:00', 0),
(186, 8, 5.7, '2016-05-02 05:00:00', 0),
(187, 8, 6.7, '2016-05-03 05:00:00', 0),
(188, 8, 8.7, '2016-05-04 05:00:00', 0),
(189, 8, 9.7, '2016-05-05 05:00:00', 0),
(190, 8, 10.7, '2016-05-06 05:00:00', 0),
(191, 8, 11.7, '2016-05-07 05:00:00', 0),
(192, 8, 12.7, '2016-05-02 05:00:00', 0),
(193, 8, 13.7, '2016-05-03 05:00:00', 0),
(194, 8, 15.7, '2016-05-04 05:00:00', 0),
(195, 8, 17.7, '2016-05-05 05:00:00', 0),
(196, 8, 19.7, '2016-05-06 05:00:00', 0),
(197, 8, 21.7, '2016-05-07 05:00:00', 0),
(198, 8, 23.7, '2016-05-02 05:00:00', 0),
(199, 8, 25.7, '2016-05-03 05:00:00', 0),
(200, 8, 27.7, '2016-05-04 05:00:00', 0),
(201, 8, 29.7, '2016-05-05 05:00:00', 0),
(202, 8, 30.7, '2016-05-06 05:00:00', 0),
(203, 8, 31.7, '2016-05-07 05:00:00', 0),
(204, 8, 33.7, '2016-05-02 05:00:00', 0),
(205, 8, 34.7, '2016-05-03 05:00:00', 0),
(206, 8, 35.7, '2016-05-04 05:00:00', 0),
(207, 8, 37.7, '2016-05-05 05:00:00', 0),
(208, 8, 39.7, '2016-05-06 05:00:00', 0),
(209, 8, 41.7, '2016-05-07 05:00:00', 0),
(210, 8, 43.7, '2016-05-02 05:00:00', 0),
(211, 8, 44.7, '2016-05-03 05:00:00', 0),
(212, 8, 46.7, '2016-05-04 05:00:00', 0),
(213, 8, 48.7, '2016-05-05 05:00:00', 0),
(214, 8, 50.7, '2016-05-06 05:00:00', 0),
(215, 8, 52.7, '2016-05-07 05:00:00', 0),
(216, 8, 54.7, '2016-05-02 05:00:00', 0),
(217, 8, 56.7, '2016-05-03 05:00:00', 0),
(218, 8, 57.7, '2016-05-04 05:00:00', 0),
(219, 8, 59.7, '2016-05-05 05:00:00', 0),
(220, 8, 61.7, '2016-05-06 05:00:00', 0),
(221, 8, 62.7, '2016-05-07 05:00:00', 0),
(222, 8, 63.7, '2016-05-02 05:00:00', 0),
(223, 8, 64.7, '2016-05-03 05:00:00', 0),
(224, 8, 65.7, '2016-05-04 05:00:00', 0),
(225, 8, 67.7, '2016-05-05 05:00:00', 0),
(226, 8, 69.7, '2016-05-06 05:00:00', 0),
(227, 8, 70.7, '2016-05-07 05:00:00', 0),
(228, 8, 72.7, '2016-05-02 05:00:00', 0),
(229, 8, 73.7, '2016-05-03 05:00:00', 0),
(230, 8, 75.7, '2016-05-04 05:00:00', 0),
(231, 8, 77.7, '2016-05-05 05:00:00', 0),
(232, 8, 79.7, '2016-05-06 05:00:00', 0),
(233, 8, 81.7, '2016-05-07 05:00:00', 0),
(234, 8, 83.7, '2016-05-02 05:00:00', 0),
(235, 8, 84.7, '2016-05-03 05:00:00', 0),
(236, 8, 86.7, '2016-05-04 05:00:00', 0),
(237, 8, 87.7, '2016-05-05 05:00:00', 0),
(238, 8, 89.7, '2016-05-06 05:00:00', 0),
(239, 8, 91.7, '2016-05-07 05:00:00', 0),
(240, 8, 93.7, '2016-05-02 05:00:00', 0),
(241, 8, 95.7, '2016-05-03 05:00:00', 0),
(242, 8, 96.7, '2016-05-04 05:00:00', 0),
(243, 8, 97.7, '2016-05-05 05:00:00', 0),
(244, 8, 99.7, '2016-05-06 05:00:00', 0),
(245, 8, 100.7, '2016-05-07 05:00:00', 0),
(246, 7, 5.4, '2016-05-02 05:00:00', 0),
(247, 7, 9.4, '2016-05-03 05:00:00', 0),
(248, 7, 11.4, '2016-05-04 05:00:00', 0),
(249, 7, 15.4, '2016-05-05 05:00:00', 0),
(250, 7, 19.4, '2016-05-06 05:00:00', 0),
(251, 7, 23.4, '2016-05-07 05:00:00', 0),
(252, 7, 25.4, '2016-05-02 05:00:00', 0),
(253, 7, 29.4, '2016-05-03 05:00:00', 0),
(254, 7, 31.4, '2016-05-04 05:00:00', 0),
(255, 7, 33.4, '2016-05-05 05:00:00', 0),
(256, 7, 37.4, '2016-05-06 05:00:00', 0),
(257, 7, 40.4, '2016-05-07 05:00:00', 0),
(258, 7, 43.4, '2016-05-02 05:00:00', 0),
(259, 7, 45.4, '2016-05-03 05:00:00', 0),
(260, 7, 47.4, '2016-05-04 05:00:00', 0),
(261, 7, 50.4, '2016-05-05 05:00:00', 0),
(262, 7, 54.4, '2016-05-06 05:00:00', 0),
(263, 7, 57.4, '2016-05-07 05:00:00', 0),
(264, 7, 60.4, '2016-05-02 05:00:00', 0),
(265, 7, 64.4, '2016-05-03 05:00:00', 0),
(266, 7, 67.4, '2016-05-04 05:00:00', 0),
(267, 7, 69.4, '2016-05-05 05:00:00', 0),
(268, 7, 72.4, '2016-05-06 05:00:00', 0),
(269, 7, 74.4, '2016-05-07 05:00:00', 0),
(270, 7, 77.4, '2016-05-02 05:00:00', 0),
(271, 7, 80.4, '2016-05-03 05:00:00', 0),
(272, 7, 82.4, '2016-05-04 05:00:00', 0),
(273, 7, 86.4, '2016-05-05 05:00:00', 0),
(274, 7, 88.4, '2016-05-06 05:00:00', 0),
(275, 7, 92.4, '2016-05-07 05:00:00', 0),
(276, 7, 94.4, '2016-05-02 05:00:00', 0),
(277, 7, 98.4, '2016-05-03 05:00:00', 0),
(278, 7, 101.4, '2016-05-04 05:00:00', 0),
(279, 7, 104.4, '2016-05-05 05:00:00', 0),
(280, 7, 106.4, '2016-05-06 05:00:00', 0),
(281, 7, 108.4, '2016-05-07 05:00:00', 0),
(282, 7, 112.4, '2016-05-02 05:00:00', 0),
(283, 7, 115.4, '2016-05-03 05:00:00', 0),
(284, 7, 117.4, '2016-05-04 05:00:00', 0),
(285, 7, 121.4, '2016-05-05 05:00:00', 0),
(286, 7, 125.4, '2016-05-06 05:00:00', 0),
(287, 7, 128.4, '2016-05-07 05:00:00', 0),
(288, 7, 132.4, '2016-05-02 05:00:00', 0),
(289, 7, 136.4, '2016-05-03 05:00:00', 0),
(290, 7, 139.4, '2016-05-04 05:00:00', 0),
(291, 7, 142.4, '2016-05-05 05:00:00', 0),
(292, 7, 144.4, '2016-05-06 05:00:00', 0),
(293, 7, 146.4, '2016-05-07 05:00:00', 0),
(294, 7, 150.4, '2016-05-02 05:00:00', 0),
(295, 7, 154.4, '2016-05-03 05:00:00', 0),
(296, 7, 156.4, '2016-05-04 05:00:00', 0),
(297, 7, 159.4, '2016-05-05 05:00:00', 0),
(298, 7, 162.4, '2016-05-06 05:00:00', 0),
(299, 7, 164.4, '2016-05-07 05:00:00', 0),
(300, 7, 167.4, '2016-05-02 05:00:00', 0),
(301, 7, 171.4, '2016-05-03 05:00:00', 0),
(302, 7, 175.4, '2016-05-04 05:00:00', 0),
(303, 7, 179.4, '2016-05-05 05:00:00', 0),
(304, 7, 182.4, '2016-05-06 05:00:00', 0),
(305, 7, 185.4, '2016-05-07 05:00:00', 0),
(306, 5, 467.4, '2016-05-09 05:00:00', 0),
(307, 5, 475.4, '2016-05-10 05:00:00', 0),
(308, 5, 484.4, '2016-05-11 05:00:00', 0),
(309, 5, 489.4, '2016-05-12 05:00:00', 0),
(310, 5, 498.4, '2016-05-13 05:00:00', 0),
(311, 5, 506.4, '2016-05-14 05:00:00', 0),
(312, 5, 515.4, '2016-05-09 05:00:00', 0),
(313, 5, 524.4, '2016-05-10 05:00:00', 0),
(314, 5, 529.4, '2016-05-11 05:00:00', 0),
(315, 5, 537.4, '2016-05-12 05:00:00', 0),
(316, 5, 546.4, '2016-05-13 05:00:00', 0),
(317, 5, 554.4, '2016-05-14 05:00:00', 0),
(318, 5, 561.4, '2016-05-09 05:00:00', 0),
(319, 5, 566.4, '2016-05-10 05:00:00', 0),
(320, 5, 573.4, '2016-05-11 05:00:00', 0),
(321, 5, 582.4, '2016-05-12 05:00:00', 0),
(322, 5, 587.4, '2016-05-13 05:00:00', 0),
(323, 5, 593.4, '2016-05-14 05:00:00', 0),
(324, 5, 598.4, '2016-05-09 05:00:00', 0),
(325, 5, 604.4, '2016-05-10 05:00:00', 0),
(326, 5, 612.4, '2016-05-11 05:00:00', 0),
(327, 5, 618.4, '2016-05-12 05:00:00', 0),
(328, 5, 623.4, '2016-05-13 05:00:00', 0),
(329, 5, 628.4, '2016-05-14 05:00:00', 0),
(330, 5, 636.4, '2016-05-09 05:00:00', 0),
(331, 5, 644.4, '2016-05-10 05:00:00', 0),
(332, 5, 652.4, '2016-05-11 05:00:00', 0),
(333, 5, 657.4, '2016-05-12 05:00:00', 0),
(334, 5, 665.4, '2016-05-13 05:00:00', 0),
(335, 5, 672.4, '2016-05-14 05:00:00', 0),
(336, 5, 678.4, '2016-05-09 05:00:00', 0),
(337, 5, 685.4, '2016-05-10 05:00:00', 0),
(338, 5, 692.4, '2016-05-11 05:00:00', 0),
(339, 5, 697.4, '2016-05-12 05:00:00', 0),
(340, 5, 705.4, '2016-05-13 05:00:00', 0),
(341, 5, 711.4, '2016-05-14 05:00:00', 0),
(342, 5, 719.4, '2016-05-09 05:00:00', 0),
(343, 5, 728.4, '2016-05-10 05:00:00', 0),
(344, 5, 737.4, '2016-05-11 05:00:00', 0),
(345, 5, 744.4, '2016-05-12 05:00:00', 0),
(346, 5, 750.4, '2016-05-13 05:00:00', 0),
(347, 5, 759.4, '2016-05-14 05:00:00', 0),
(348, 5, 766.4, '2016-05-09 05:00:00', 0),
(349, 5, 771.4, '2016-05-10 05:00:00', 0),
(350, 5, 777.4, '2016-05-11 05:00:00', 0),
(351, 5, 785.4, '2016-05-12 05:00:00', 0),
(352, 5, 794.4, '2016-05-13 05:00:00', 0),
(353, 5, 800.4, '2016-05-14 05:00:00', 0),
(354, 5, 809.4, '2016-05-09 05:00:00', 0),
(355, 5, 815.4, '2016-05-10 05:00:00', 0),
(356, 5, 822.4, '2016-05-11 05:00:00', 0),
(357, 5, 831.4, '2016-05-12 05:00:00', 0),
(358, 5, 837.4, '2016-05-13 05:00:00', 0),
(359, 5, 843.4, '2016-05-14 05:00:00', 0),
(360, 5, 848.4, '2016-05-09 05:00:00', 0),
(361, 5, 856.4, '2016-05-10 05:00:00', 0),
(362, 5, 861.4, '2016-05-11 05:00:00', 0),
(363, 5, 866.4, '2016-05-12 05:00:00', 0),
(364, 5, 873.4, '2016-05-13 05:00:00', 0),
(365, 5, 882.4, '2016-05-14 05:00:00', 0),
(366, 6, 455.9, '2016-05-09 05:00:00', 0),
(367, 6, 462.9, '2016-05-10 05:00:00', 0),
(368, 6, 468.9, '2016-05-11 05:00:00', 0),
(369, 6, 476.9, '2016-05-12 05:00:00', 0),
(370, 6, 483.9, '2016-05-13 05:00:00', 0),
(371, 6, 489.9, '2016-05-14 05:00:00', 0),
(372, 6, 494.9, '2016-05-09 05:00:00', 0),
(373, 6, 503.9, '2016-05-10 05:00:00', 0),
(374, 6, 512.9, '2016-05-11 05:00:00', 0),
(375, 6, 520.9, '2016-05-12 05:00:00', 0),
(376, 6, 528.9, '2016-05-13 05:00:00', 0),
(377, 6, 535.9, '2016-05-14 05:00:00', 0),
(378, 6, 541.9, '2016-05-09 05:00:00', 0),
(379, 6, 549.9, '2016-05-10 05:00:00', 0),
(380, 6, 556.9, '2016-05-11 05:00:00', 0),
(381, 6, 565.9, '2016-05-12 05:00:00', 0),
(382, 6, 574.9, '2016-05-13 05:00:00', 0),
(383, 6, 580.9, '2016-05-14 05:00:00', 0),
(384, 6, 587.9, '2016-05-09 05:00:00', 0),
(385, 6, 593.9, '2016-05-10 05:00:00', 0),
(386, 6, 600.9, '2016-05-11 05:00:00', 0),
(387, 6, 607.9, '2016-05-12 05:00:00', 0),
(388, 6, 612.9, '2016-05-13 05:00:00', 0),
(389, 6, 617.9, '2016-05-14 05:00:00', 0),
(390, 6, 623.9, '2016-05-09 05:00:00', 0),
(391, 6, 629.9, '2016-05-10 05:00:00', 0),
(392, 6, 635.9, '2016-05-11 05:00:00', 0),
(393, 6, 641.9, '2016-05-12 05:00:00', 0),
(394, 6, 649.9, '2016-05-13 05:00:00', 0),
(395, 6, 658.9, '2016-05-14 05:00:00', 0),
(396, 6, 663.9, '2016-05-09 05:00:00', 0),
(397, 6, 671.9, '2016-05-10 05:00:00', 0),
(398, 6, 680.9, '2016-05-11 05:00:00', 0),
(399, 6, 685.9, '2016-05-12 05:00:00', 0),
(400, 6, 694.9, '2016-05-13 05:00:00', 0),
(401, 6, 699.9, '2016-05-14 05:00:00', 0),
(402, 6, 706.9, '2016-05-09 05:00:00', 0),
(403, 6, 711.9, '2016-05-10 05:00:00', 0),
(404, 6, 719.9, '2016-05-11 05:00:00', 0),
(405, 6, 726.9, '2016-05-12 05:00:00', 0),
(406, 6, 734.9, '2016-05-13 05:00:00', 0),
(407, 6, 742.9, '2016-05-14 05:00:00', 0),
(408, 6, 748.9, '2016-05-09 05:00:00', 0),
(409, 6, 756.9, '2016-05-10 05:00:00', 0),
(410, 6, 761.9, '2016-05-11 05:00:00', 0),
(411, 6, 766.9, '2016-05-12 05:00:00', 0),
(412, 6, 771.9, '2016-05-13 05:00:00', 0),
(413, 6, 780.9, '2016-05-14 05:00:00', 0),
(414, 6, 788.9, '2016-05-09 05:00:00', 0),
(415, 6, 793.9, '2016-05-10 05:00:00', 0),
(416, 6, 801.9, '2016-05-11 05:00:00', 0),
(417, 6, 806.9, '2016-05-12 05:00:00', 0),
(418, 6, 812.9, '2016-05-13 05:00:00', 0),
(419, 6, 817.9, '2016-05-14 05:00:00', 0),
(420, 6, 825.9, '2016-05-09 05:00:00', 0),
(421, 6, 833.9, '2016-05-10 05:00:00', 0),
(422, 6, 838.9, '2016-05-11 05:00:00', 0),
(423, 6, 845.9, '2016-05-12 05:00:00', 0),
(424, 6, 850.9, '2016-05-13 05:00:00', 0),
(425, 6, 857.9, '2016-05-14 05:00:00', 0),
(426, 8, 102.7, '2016-05-09 05:00:00', 0),
(427, 8, 103.7, '2016-05-10 05:00:00', 0),
(428, 8, 104.7, '2016-05-11 05:00:00', 0),
(429, 8, 105.7, '2016-05-12 05:00:00', 0),
(430, 8, 106.7, '2016-05-13 05:00:00', 0),
(431, 8, 107.7, '2016-05-14 05:00:00', 0),
(432, 8, 109.7, '2016-05-09 05:00:00', 0),
(433, 8, 110.7, '2016-05-10 05:00:00', 0),
(434, 8, 111.7, '2016-05-11 05:00:00', 0),
(435, 8, 113.7, '2016-05-12 05:00:00', 0),
(436, 8, 114.7, '2016-05-13 05:00:00', 0),
(437, 8, 115.7, '2016-05-14 05:00:00', 0),
(438, 8, 117.7, '2016-05-09 05:00:00', 0),
(439, 8, 119.7, '2016-05-10 05:00:00', 0),
(440, 8, 121.7, '2016-05-11 05:00:00', 0),
(441, 8, 122.7, '2016-05-12 05:00:00', 0),
(442, 8, 124.7, '2016-05-13 05:00:00', 0),
(443, 8, 125.7, '2016-05-14 05:00:00', 0),
(444, 8, 126.7, '2016-05-09 05:00:00', 0),
(445, 8, 128.7, '2016-05-10 05:00:00', 0),
(446, 8, 130.7, '2016-05-11 05:00:00', 0),
(447, 8, 131.7, '2016-05-12 05:00:00', 0),
(448, 8, 132.7, '2016-05-13 05:00:00', 0),
(449, 8, 134.7, '2016-05-14 05:00:00', 0),
(450, 8, 136.7, '2016-05-09 05:00:00', 0),
(451, 8, 138.7, '2016-05-10 05:00:00', 0),
(452, 8, 140.7, '2016-05-11 05:00:00', 0),
(453, 8, 141.7, '2016-05-12 05:00:00', 0),
(454, 8, 143.7, '2016-05-13 05:00:00', 0),
(455, 8, 145.7, '2016-05-14 05:00:00', 0),
(456, 8, 146.7, '2016-05-09 05:00:00', 0),
(457, 8, 148.7, '2016-05-10 05:00:00', 0),
(458, 8, 149.7, '2016-05-11 05:00:00', 0),
(459, 8, 150.7, '2016-05-12 05:00:00', 0),
(460, 8, 152.7, '2016-05-13 05:00:00', 0),
(461, 8, 154.7, '2016-05-14 05:00:00', 0),
(462, 8, 155.7, '2016-05-09 05:00:00', 0),
(463, 8, 157.7, '2016-05-10 05:00:00', 0),
(464, 8, 158.7, '2016-05-11 05:00:00', 0),
(465, 8, 160.7, '2016-05-12 05:00:00', 0),
(466, 8, 162.7, '2016-05-13 05:00:00', 0),
(467, 8, 164.7, '2016-05-14 05:00:00', 0),
(468, 8, 165.7, '2016-05-09 05:00:00', 0),
(469, 8, 167.7, '2016-05-10 05:00:00', 0),
(470, 8, 168.7, '2016-05-11 05:00:00', 0),
(471, 8, 170.7, '2016-05-12 05:00:00', 0),
(472, 8, 172.7, '2016-05-13 05:00:00', 0),
(473, 8, 174.7, '2016-05-14 05:00:00', 0),
(474, 8, 175.7, '2016-05-09 05:00:00', 0),
(475, 8, 177.7, '2016-05-10 05:00:00', 0),
(476, 8, 179.7, '2016-05-11 05:00:00', 0),
(477, 8, 180.7, '2016-05-12 05:00:00', 0),
(478, 8, 182.7, '2016-05-13 05:00:00', 0),
(479, 8, 184.7, '2016-05-14 05:00:00', 0),
(480, 8, 186.7, '2016-05-09 05:00:00', 0),
(481, 8, 188.7, '2016-05-10 05:00:00', 0),
(482, 8, 190.7, '2016-05-11 05:00:00', 0),
(483, 8, 191.7, '2016-05-12 05:00:00', 0),
(484, 8, 193.7, '2016-05-13 05:00:00', 0),
(485, 8, 195.7, '2016-05-14 05:00:00', 0),
(486, 7, 188.4, '2016-05-09 05:00:00', 0),
(487, 7, 190.4, '2016-05-10 05:00:00', 0),
(488, 7, 192.4, '2016-05-11 05:00:00', 0),
(489, 7, 196.4, '2016-05-12 05:00:00', 0),
(490, 7, 198.4, '2016-05-13 05:00:00', 0),
(491, 7, 201.4, '2016-05-14 05:00:00', 0),
(492, 7, 205.4, '2016-05-09 05:00:00', 0),
(493, 7, 207.4, '2016-05-10 05:00:00', 0),
(494, 7, 209.4, '2016-05-11 05:00:00', 0),
(495, 7, 212.4, '2016-05-12 05:00:00', 0),
(496, 7, 215.4, '2016-05-13 05:00:00', 0),
(497, 7, 219.4, '2016-05-14 05:00:00', 0),
(498, 7, 222.4, '2016-05-09 05:00:00', 0),
(499, 7, 226.4, '2016-05-10 05:00:00', 0),
(500, 7, 228.4, '2016-05-11 05:00:00', 0),
(501, 7, 232.4, '2016-05-12 05:00:00', 0),
(502, 7, 236.4, '2016-05-13 05:00:00', 0),
(503, 7, 239.4, '2016-05-14 05:00:00', 0),
(504, 7, 243.4, '2016-05-09 05:00:00', 0),
(505, 7, 247.4, '2016-05-10 05:00:00', 0),
(506, 7, 250.4, '2016-05-11 05:00:00', 0),
(507, 7, 252.4, '2016-05-12 05:00:00', 0),
(508, 7, 254.4, '2016-05-13 05:00:00', 0),
(509, 7, 258.4, '2016-05-14 05:00:00', 0),
(510, 7, 261.4, '2016-05-09 05:00:00', 0),
(511, 7, 264.4, '2016-05-10 05:00:00', 0),
(512, 7, 267.4, '2016-05-11 05:00:00', 0),
(513, 7, 271.4, '2016-05-12 05:00:00', 0),
(514, 7, 274.4, '2016-05-13 05:00:00', 0),
(515, 7, 276.4, '2016-05-14 05:00:00', 0),
(516, 7, 278.4, '2016-05-09 05:00:00', 0),
(517, 7, 280.4, '2016-05-10 05:00:00', 0),
(518, 7, 284.4, '2016-05-11 05:00:00', 0),
(519, 7, 287.4, '2016-05-12 05:00:00', 0),
(520, 7, 290.4, '2016-05-13 05:00:00', 0),
(521, 7, 292.4, '2016-05-14 05:00:00', 0),
(522, 7, 296.4, '2016-05-09 05:00:00', 0),
(523, 7, 299.4, '2016-05-10 05:00:00', 0),
(524, 7, 301.4, '2016-05-11 05:00:00', 0),
(525, 7, 303.4, '2016-05-12 05:00:00', 0),
(526, 7, 306.4, '2016-05-13 05:00:00', 0),
(527, 7, 310.4, '2016-05-14 05:00:00', 0),
(528, 7, 314.4, '2016-05-09 05:00:00', 0),
(529, 7, 318.4, '2016-05-10 05:00:00', 0),
(530, 7, 320.4, '2016-05-11 05:00:00', 0),
(531, 7, 322.4, '2016-05-12 05:00:00', 0),
(532, 7, 326.4, '2016-05-13 05:00:00', 0),
(533, 7, 329.4, '2016-05-14 05:00:00', 0),
(534, 7, 332.4, '2016-05-09 05:00:00', 0),
(535, 7, 336.4, '2016-05-10 05:00:00', 0),
(536, 7, 339.4, '2016-05-11 05:00:00', 0),
(537, 7, 343.4, '2016-05-12 05:00:00', 0),
(538, 7, 345.4, '2016-05-13 05:00:00', 0),
(539, 7, 349.4, '2016-05-14 05:00:00', 0),
(540, 7, 352.4, '2016-05-09 05:00:00', 0),
(541, 7, 355.4, '2016-05-10 05:00:00', 0),
(542, 7, 359.4, '2016-05-11 05:00:00', 0),
(543, 7, 362.4, '2016-05-12 05:00:00', 0),
(544, 7, 364.4, '2016-05-13 05:00:00', 0),
(545, 7, 367.4, '2016-05-14 05:00:00', 0),
(546, 5, 887.4, '2016-05-16 05:00:00', 0),
(547, 5, 896.4, '2016-05-17 05:00:00', 0),
(548, 5, 904.4, '2016-05-18 05:00:00', 0),
(549, 5, 911.4, '2016-05-19 05:00:00', 0),
(550, 5, 920.4, '2016-05-20 05:00:00', 0),
(551, 5, 925.4, '2016-05-21 05:00:00', 0),
(552, 5, 932.4, '2016-05-16 05:00:00', 0),
(553, 5, 941.4, '2016-05-17 05:00:00', 0),
(554, 5, 948.4, '2016-05-18 05:00:00', 0),
(555, 5, 955.4, '2016-05-19 05:00:00', 0),
(556, 5, 960.4, '2016-05-20 05:00:00', 0),
(557, 5, 967.4, '2016-05-21 05:00:00', 0),
(558, 5, 976.4, '2016-05-16 05:00:00', 0),
(559, 5, 984.4, '2016-05-17 05:00:00', 0),
(560, 5, 992.4, '2016-05-18 05:00:00', 0),
(561, 5, 1000.4, '2016-05-19 05:00:00', 0),
(562, 5, 1006.4, '2016-05-20 05:00:00', 0),
(563, 5, 1013.4, '2016-05-21 05:00:00', 0),
(564, 5, 1022.4, '2016-05-16 05:00:00', 0),
(565, 5, 1030.4, '2016-05-17 05:00:00', 0),
(566, 5, 1035.4, '2016-05-18 05:00:00', 0),
(567, 5, 1041.4, '2016-05-19 05:00:00', 0),
(568, 5, 1046.4, '2016-05-20 05:00:00', 0),
(569, 5, 1054.4, '2016-05-21 05:00:00', 0),
(570, 5, 1063.4, '2016-05-16 05:00:00', 0),
(571, 5, 1070.4, '2016-05-17 05:00:00', 0),
(572, 5, 1077.4, '2016-05-18 05:00:00', 0),
(573, 5, 1082.4, '2016-05-19 05:00:00', 0),
(574, 5, 1090.4, '2016-05-20 05:00:00', 0),
(575, 5, 1099.4, '2016-05-21 05:00:00', 0),
(576, 5, 1107.4, '2016-05-16 05:00:00', 0),
(577, 5, 1115.4, '2016-05-17 05:00:00', 0),
(578, 5, 1123.4, '2016-05-18 05:00:00', 0),
(579, 5, 1131.4, '2016-05-19 05:00:00', 0),
(580, 5, 1137.4, '2016-05-20 05:00:00', 0),
(581, 5, 1144.4, '2016-05-21 05:00:00', 0),
(582, 5, 1152.4, '2016-05-16 05:00:00', 0),
(583, 5, 1159.4, '2016-05-17 05:00:00', 0),
(584, 5, 1164.4, '2016-05-18 05:00:00', 0),
(585, 5, 1172.4, '2016-05-19 05:00:00', 0),
(586, 5, 1179.4, '2016-05-20 05:00:00', 0),
(587, 5, 1188.4, '2016-05-21 05:00:00', 0),
(588, 5, 1193.4, '2016-05-16 05:00:00', 0),
(589, 5, 1198.4, '2016-05-17 05:00:00', 0),
(590, 5, 1207.4, '2016-05-18 05:00:00', 0),
(591, 5, 1214.4, '2016-05-19 05:00:00', 0),
(592, 5, 1219.4, '2016-05-20 05:00:00', 0),
(593, 5, 1224.4, '2016-05-21 05:00:00', 0),
(594, 5, 1232.4, '2016-05-16 05:00:00', 0),
(595, 5, 1240.4, '2016-05-17 05:00:00', 0),
(596, 5, 1248.4, '2016-05-18 05:00:00', 0),
(597, 5, 1254.4, '2016-05-19 05:00:00', 0),
(598, 5, 1260.4, '2016-05-20 05:00:00', 0),
(599, 5, 1268.4, '2016-05-21 05:00:00', 0),
(600, 5, 1277.4, '2016-05-16 05:00:00', 0),
(601, 5, 1282.4, '2016-05-17 05:00:00', 0),
(602, 5, 1288.4, '2016-05-18 05:00:00', 0),
(603, 5, 1294.4, '2016-05-19 05:00:00', 0),
(604, 5, 1301.4, '2016-05-20 05:00:00', 0),
(605, 5, 1307.4, '2016-05-21 05:00:00', 0),
(606, 6, 863.9, '2016-05-16 05:00:00', 0),
(607, 6, 870.9, '2016-05-17 05:00:00', 0),
(608, 6, 877.9, '2016-05-18 05:00:00', 0),
(609, 6, 883.9, '2016-05-19 05:00:00', 0),
(610, 6, 888.9, '2016-05-20 05:00:00', 0),
(611, 6, 893.9, '2016-05-21 05:00:00', 0),
(612, 6, 901.9, '2016-05-16 05:00:00', 0),
(613, 6, 908.9, '2016-05-17 05:00:00', 0),
(614, 6, 913.9, '2016-05-18 05:00:00', 0),
(615, 6, 919.9, '2016-05-19 05:00:00', 0),
(616, 6, 928.9, '2016-05-20 05:00:00', 0),
(617, 6, 936.9, '2016-05-21 05:00:00', 0),
(618, 6, 942.9, '2016-05-16 05:00:00', 0),
(619, 6, 950.9, '2016-05-17 05:00:00', 0),
(620, 6, 956.9, '2016-05-18 05:00:00', 0),
(621, 6, 962.9, '2016-05-19 05:00:00', 0),
(622, 6, 967.9, '2016-05-20 05:00:00', 0),
(623, 6, 974.9, '2016-05-21 05:00:00', 0),
(624, 6, 982.9, '2016-05-16 05:00:00', 0),
(625, 6, 989.9, '2016-05-17 05:00:00', 0),
(626, 6, 995.9, '2016-05-18 05:00:00', 0),
(627, 6, 1003.9, '2016-05-19 05:00:00', 0),
(628, 6, 1011.9, '2016-05-20 05:00:00', 0),
(629, 6, 1018.9, '2016-05-21 05:00:00', 0),
(630, 6, 1025.9, '2016-05-16 05:00:00', 0),
(631, 6, 1030.9, '2016-05-17 05:00:00', 0),
(632, 6, 1038.9, '2016-05-18 05:00:00', 0),
(633, 6, 1044.9, '2016-05-19 05:00:00', 0),
(634, 6, 1050.9, '2016-05-20 05:00:00', 0),
(635, 6, 1056.9, '2016-05-21 05:00:00', 0),
(636, 6, 1062.9, '2016-05-16 05:00:00', 0),
(637, 6, 1070.9, '2016-05-17 05:00:00', 0),
(638, 6, 1077.9, '2016-05-18 05:00:00', 0),
(639, 6, 1083.9, '2016-05-19 05:00:00', 0),
(640, 6, 1090.9, '2016-05-20 05:00:00', 0),
(641, 6, 1099.9, '2016-05-21 05:00:00', 0),
(642, 6, 1106.9, '2016-05-16 05:00:00', 0),
(643, 6, 1114.9, '2016-05-17 05:00:00', 0),
(644, 6, 1119.9, '2016-05-18 05:00:00', 0),
(645, 6, 1128.9, '2016-05-19 05:00:00', 0),
(646, 6, 1134.9, '2016-05-20 05:00:00', 0),
(647, 6, 1141.9, '2016-05-21 05:00:00', 0),
(648, 6, 1146.9, '2016-05-16 05:00:00', 0),
(649, 6, 1155.9, '2016-05-17 05:00:00', 0),
(650, 6, 1161.9, '2016-05-18 05:00:00', 0),
(651, 6, 1167.9, '2016-05-19 05:00:00', 0),
(652, 6, 1173.9, '2016-05-20 05:00:00', 0),
(653, 6, 1181.9, '2016-05-21 05:00:00', 0),
(654, 6, 1186.9, '2016-05-16 05:00:00', 0),
(655, 6, 1195.9, '2016-05-17 05:00:00', 0),
(656, 6, 1204.9, '2016-05-18 05:00:00', 0),
(657, 6, 1211.9, '2016-05-19 05:00:00', 0),
(658, 6, 1219.9, '2016-05-20 05:00:00', 0),
(659, 6, 1225.9, '2016-05-21 05:00:00', 0),
(660, 6, 1232.9, '2016-05-16 05:00:00', 0),
(661, 6, 1237.9, '2016-05-17 05:00:00', 0),
(662, 6, 1244.9, '2016-05-18 05:00:00', 0),
(663, 6, 1252.9, '2016-05-19 05:00:00', 0),
(664, 6, 1258.9, '2016-05-20 05:00:00', 0),
(665, 6, 1266.9, '2016-05-21 05:00:00', 0),
(666, 8, 196.7, '2016-05-16 05:00:00', 0),
(667, 8, 198.7, '2016-05-17 05:00:00', 0),
(668, 8, 200.7, '2016-05-18 05:00:00', 0),
(669, 8, 201.7, '2016-05-19 05:00:00', 0),
(670, 8, 202.7, '2016-05-20 05:00:00', 0),
(671, 8, 203.7, '2016-05-21 05:00:00', 0),
(672, 8, 204.7, '2016-05-16 05:00:00', 0),
(673, 8, 205.7, '2016-05-17 05:00:00', 0),
(674, 8, 207.7, '2016-05-18 05:00:00', 0),
(675, 8, 209.7, '2016-05-19 05:00:00', 0),
(676, 8, 210.7, '2016-05-20 05:00:00', 0),
(677, 8, 212.7, '2016-05-21 05:00:00', 0),
(678, 8, 214.7, '2016-05-16 05:00:00', 0),
(679, 8, 216.7, '2016-05-17 05:00:00', 0),
(680, 8, 217.7, '2016-05-18 05:00:00', 0),
(681, 8, 219.7, '2016-05-19 05:00:00', 0),
(682, 8, 221.7, '2016-05-20 05:00:00', 0),
(683, 8, 222.7, '2016-05-21 05:00:00', 0),
(684, 8, 223.7, '2016-05-16 05:00:00', 0),
(685, 8, 225.7, '2016-05-17 05:00:00', 0),
(686, 8, 227.7, '2016-05-18 05:00:00', 0),
(687, 8, 228.7, '2016-05-19 05:00:00', 0),
(688, 8, 229.7, '2016-05-20 05:00:00', 0),
(689, 8, 230.7, '2016-05-21 05:00:00', 0),
(690, 8, 231.7, '2016-05-16 05:00:00', 0),
(691, 8, 233.7, '2016-05-17 05:00:00', 0),
(692, 8, 234.7, '2016-05-18 05:00:00', 0),
(693, 8, 236.7, '2016-05-19 05:00:00', 0),
(694, 8, 237.7, '2016-05-20 05:00:00', 0),
(695, 8, 238.7, '2016-05-21 05:00:00', 0),
(696, 8, 239.7, '2016-05-16 05:00:00', 0),
(697, 8, 241.7, '2016-05-17 05:00:00', 0),
(698, 8, 243.7, '2016-05-18 05:00:00', 0),
(699, 8, 244.7, '2016-05-19 05:00:00', 0),
(700, 8, 246.7, '2016-05-20 05:00:00', 0),
(701, 8, 248.7, '2016-05-21 05:00:00', 0),
(702, 8, 250.7, '2016-05-16 05:00:00', 0),
(703, 8, 252.7, '2016-05-17 05:00:00', 0),
(704, 8, 254.7, '2016-05-18 05:00:00', 0),
(705, 8, 255.7, '2016-05-19 05:00:00', 0),
(706, 8, 257.7, '2016-05-20 05:00:00', 0),
(707, 8, 259.7, '2016-05-21 05:00:00', 0),
(708, 8, 261.7, '2016-05-16 05:00:00', 0),
(709, 8, 263.7, '2016-05-17 05:00:00', 0),
(710, 8, 264.7, '2016-05-18 05:00:00', 0),
(711, 8, 266.7, '2016-05-19 05:00:00', 0),
(712, 8, 267.7, '2016-05-20 05:00:00', 0),
(713, 8, 268.7, '2016-05-21 05:00:00', 0),
(714, 8, 269.7, '2016-05-16 05:00:00', 0),
(715, 8, 271.7, '2016-05-17 05:00:00', 0),
(716, 8, 272.7, '2016-05-18 05:00:00', 0),
(717, 8, 274.7, '2016-05-19 05:00:00', 0),
(718, 8, 275.7, '2016-05-20 05:00:00', 0),
(719, 8, 277.7, '2016-05-21 05:00:00', 0),
(720, 8, 278.7, '2016-05-16 05:00:00', 0),
(721, 8, 279.7, '2016-05-17 05:00:00', 0),
(722, 8, 280.7, '2016-05-18 05:00:00', 0),
(723, 8, 281.7, '2016-05-19 05:00:00', 0),
(724, 8, 282.7, '2016-05-20 05:00:00', 0),
(725, 8, 284.7, '2016-05-21 05:00:00', 0),
(726, 7, 371.4, '2016-05-16 05:00:00', 0),
(727, 7, 375.4, '2016-05-17 05:00:00', 0),
(728, 7, 377.4, '2016-05-18 05:00:00', 0),
(729, 7, 380.4, '2016-05-19 05:00:00', 0),
(730, 7, 382.4, '2016-05-20 05:00:00', 0),
(731, 7, 385.4, '2016-05-21 05:00:00', 0),
(732, 7, 388.4, '2016-05-16 05:00:00', 0),
(733, 7, 392.4, '2016-05-17 05:00:00', 0),
(734, 7, 396.4, '2016-05-18 05:00:00', 0),
(735, 7, 399.4, '2016-05-19 05:00:00', 0),
(736, 7, 401.4, '2016-05-20 05:00:00', 0),
(737, 7, 404.4, '2016-05-21 05:00:00', 0),
(738, 7, 407.4, '2016-05-16 05:00:00', 0),
(739, 7, 411.4, '2016-05-17 05:00:00', 0),
(740, 7, 413.4, '2016-05-18 05:00:00', 0),
(741, 7, 417.4, '2016-05-19 05:00:00', 0),
(742, 7, 419.4, '2016-05-20 05:00:00', 0),
(743, 7, 423.4, '2016-05-21 05:00:00', 0),
(744, 7, 427.4, '2016-05-16 05:00:00', 0),
(745, 7, 431.4, '2016-05-17 05:00:00', 0),
(746, 7, 435.4, '2016-05-18 05:00:00', 0),
(747, 7, 437.4, '2016-05-19 05:00:00', 0),
(748, 7, 439.4, '2016-05-20 05:00:00', 0),
(749, 7, 443.4, '2016-05-21 05:00:00', 0),
(750, 7, 447.4, '2016-05-16 05:00:00', 0),
(751, 7, 449.4, '2016-05-17 05:00:00', 0),
(752, 7, 453.4, '2016-05-18 05:00:00', 0),
(753, 7, 455.4, '2016-05-19 05:00:00', 0),
(754, 7, 457.4, '2016-05-20 05:00:00', 0),
(755, 7, 460.4, '2016-05-21 05:00:00', 0),
(756, 7, 462.4, '2016-05-16 05:00:00', 0),
(757, 7, 465.4, '2016-05-17 05:00:00', 0),
(758, 7, 468.4, '2016-05-18 05:00:00', 0),
(759, 7, 470.4, '2016-05-19 05:00:00', 0),
(760, 7, 473.4, '2016-05-20 05:00:00', 0),
(761, 7, 476.4, '2016-05-21 05:00:00', 0),
(762, 7, 480.4, '2016-05-16 05:00:00', 0),
(763, 7, 484.4, '2016-05-17 05:00:00', 0),
(764, 7, 486.4, '2016-05-18 05:00:00', 0),
(765, 7, 488.4, '2016-05-19 05:00:00', 0),
(766, 7, 490.4, '2016-05-20 05:00:00', 0),
(767, 7, 494.4, '2016-05-21 05:00:00', 0),
(768, 7, 498.4, '2016-05-16 05:00:00', 0),
(769, 7, 502.4, '2016-05-17 05:00:00', 0),
(770, 7, 505.4, '2016-05-18 05:00:00', 0),
(771, 7, 508.4, '2016-05-19 05:00:00', 0),
(772, 7, 511.4, '2016-05-20 05:00:00', 0),
(773, 7, 515.4, '2016-05-21 05:00:00', 0),
(774, 7, 519.4, '2016-05-16 05:00:00', 0),
(775, 7, 523.4, '2016-05-17 05:00:00', 0),
(776, 7, 525.4, '2016-05-18 05:00:00', 0),
(777, 7, 529.4, '2016-05-19 05:00:00', 0),
(778, 7, 533.4, '2016-05-20 05:00:00', 0),
(779, 7, 537.4, '2016-05-21 05:00:00', 0),
(780, 7, 540.4, '2016-05-16 05:00:00', 0),
(781, 7, 543.4, '2016-05-17 05:00:00', 0),
(782, 7, 545.4, '2016-05-18 05:00:00', 0),
(783, 7, 547.4, '2016-05-19 05:00:00', 0),
(784, 7, 551.4, '2016-05-20 05:00:00', 0),
(785, 7, 554.4, '2016-05-21 05:00:00', 0),
(786, 5, 1313.4, '2016-05-23 05:00:00', 0),
(787, 5, 1320.4, '2016-05-24 05:00:00', 0),
(788, 5, 1325.4, '2016-05-25 05:00:00', 0),
(789, 5, 1334.4, '2016-05-26 05:00:00', 0),
(790, 5, 1342.4, '2016-05-27 05:00:00', 0),
(791, 5, 1349.4, '2016-05-28 05:00:00', 0),
(792, 5, 1356.4, '2016-05-23 05:00:00', 0),
(793, 5, 1365.4, '2016-05-24 05:00:00', 0),
(794, 5, 1370.4, '2016-05-25 05:00:00', 0),
(795, 5, 1378.4, '2016-05-26 05:00:00', 0),
(796, 5, 1385.4, '2016-05-27 05:00:00', 0),
(797, 5, 1392.4, '2016-05-28 05:00:00', 0),
(798, 5, 1399.4, '2016-05-23 05:00:00', 0),
(799, 5, 1406.4, '2016-05-24 05:00:00', 0),
(800, 5, 1415.4, '2016-05-25 05:00:00', 0),
(801, 5, 1421.4, '2016-05-26 05:00:00', 0),
(802, 5, 1429.4, '2016-05-27 05:00:00', 0),
(803, 5, 1437.4, '2016-05-28 05:00:00', 0),
(804, 5, 1444.4, '2016-05-23 05:00:00', 0),
(805, 5, 1450.4, '2016-05-24 05:00:00', 0),
(806, 5, 1459.4, '2016-05-25 05:00:00', 0),
(807, 5, 1466.4, '2016-05-26 05:00:00', 0),
(808, 5, 1472.4, '2016-05-27 05:00:00', 0),
(809, 5, 1478.4, '2016-05-28 05:00:00', 0),
(810, 5, 1486.4, '2016-05-23 05:00:00', 0),
(811, 5, 1491.4, '2016-05-24 05:00:00', 0),
(812, 5, 1496.4, '2016-05-25 05:00:00', 0),
(813, 5, 1501.4, '2016-05-26 05:00:00', 0),
(814, 5, 1509.4, '2016-05-27 05:00:00', 0),
(815, 5, 1518.4, '2016-05-28 05:00:00', 0),
(816, 5, 1523.4, '2016-05-23 05:00:00', 0),
(817, 5, 1528.4, '2016-05-24 05:00:00', 0),
(818, 5, 1536.4, '2016-05-25 05:00:00', 0),
(819, 5, 1541.4, '2016-05-26 05:00:00', 0),
(820, 5, 1550.4, '2016-05-27 05:00:00', 0),
(821, 5, 1559.4, '2016-05-28 05:00:00', 0),
(822, 5, 1564.4, '2016-05-23 05:00:00', 0),
(823, 5, 1569.4, '2016-05-24 05:00:00', 0),
(824, 5, 1576.4, '2016-05-25 05:00:00', 0),
(825, 5, 1585.4, '2016-05-26 05:00:00', 0),
(826, 5, 1594.4, '2016-05-27 05:00:00', 0),
(827, 5, 1603.4, '2016-05-28 05:00:00', 0),
(828, 5, 1609.4, '2016-05-23 05:00:00', 0),
(829, 5, 1616.4, '2016-05-24 05:00:00', 0),
(830, 5, 1623.4, '2016-05-25 05:00:00', 0),
(831, 5, 1630.4, '2016-05-26 05:00:00', 0),
(832, 5, 1639.4, '2016-05-27 05:00:00', 0),
(833, 5, 1644.4, '2016-05-28 05:00:00', 0),
(834, 5, 1653.4, '2016-05-23 05:00:00', 0),
(835, 5, 1659.4, '2016-05-24 05:00:00', 0),
(836, 5, 1666.4, '2016-05-25 05:00:00', 0),
(837, 5, 1673.4, '2016-05-26 05:00:00', 0),
(838, 5, 1678.4, '2016-05-27 05:00:00', 0),
(839, 5, 1685.4, '2016-05-28 05:00:00', 0),
(840, 5, 1693.4, '2016-05-23 05:00:00', 0),
(841, 5, 1700.4, '2016-05-24 05:00:00', 0),
(842, 5, 1706.4, '2016-05-25 05:00:00', 0),
(843, 5, 1713.4, '2016-05-26 05:00:00', 0),
(844, 5, 1719.4, '2016-05-27 05:00:00', 0),
(845, 5, 1728.4, '2016-05-28 05:00:00', 0),
(846, 6, 1272.9, '2016-05-23 05:00:00', 0),
(847, 6, 1277.9, '2016-05-24 05:00:00', 0),
(848, 6, 1286.9, '2016-05-25 05:00:00', 0),
(849, 6, 1292.9, '2016-05-26 05:00:00', 0),
(850, 6, 1298.9, '2016-05-27 05:00:00', 0),
(851, 6, 1306.9, '2016-05-28 05:00:00', 0),
(852, 6, 1312.9, '2016-05-23 05:00:00', 0),
(853, 6, 1321.9, '2016-05-24 05:00:00', 0),
(854, 6, 1329.9, '2016-05-25 05:00:00', 0),
(855, 6, 1337.9, '2016-05-26 05:00:00', 0),
(856, 6, 1345.9, '2016-05-27 05:00:00', 0),
(857, 6, 1350.9, '2016-05-28 05:00:00', 0),
(858, 6, 1359.9, '2016-05-23 05:00:00', 0),
(859, 6, 1367.9, '2016-05-24 05:00:00', 0),
(860, 6, 1374.9, '2016-05-25 05:00:00', 0),
(861, 6, 1379.9, '2016-05-26 05:00:00', 0),
(862, 6, 1388.9, '2016-05-27 05:00:00', 0),
(863, 6, 1397.9, '2016-05-28 05:00:00', 0),
(864, 6, 1404.9, '2016-05-23 05:00:00', 0),
(865, 6, 1412.9, '2016-05-24 05:00:00', 0),
(866, 6, 1419.9, '2016-05-25 05:00:00', 0),
(867, 6, 1424.9, '2016-05-26 05:00:00', 0),
(868, 6, 1433.9, '2016-05-27 05:00:00', 0),
(869, 6, 1439.9, '2016-05-28 05:00:00', 0),
(870, 6, 1446.9, '2016-05-23 05:00:00', 0),
(871, 6, 1453.9, '2016-05-24 05:00:00', 0),
(872, 6, 1458.9, '2016-05-25 05:00:00', 0),
(873, 6, 1467.9, '2016-05-26 05:00:00', 0),
(874, 6, 1476.9, '2016-05-27 05:00:00', 0),
(875, 6, 1481.9, '2016-05-28 05:00:00', 0),
(876, 6, 1489.9, '2016-05-23 05:00:00', 0),
(877, 6, 1494.9, '2016-05-24 05:00:00', 0),
(878, 6, 1501.9, '2016-05-25 05:00:00', 0),
(879, 6, 1510.9, '2016-05-26 05:00:00', 0),
(880, 6, 1517.9, '2016-05-27 05:00:00', 0),
(881, 6, 1525.9, '2016-05-28 05:00:00', 0),
(882, 6, 1531.9, '2016-05-23 05:00:00', 0),
(883, 6, 1540.9, '2016-05-24 05:00:00', 0),
(884, 6, 1545.9, '2016-05-25 05:00:00', 0),
(885, 6, 1552.9, '2016-05-26 05:00:00', 0),
(886, 6, 1558.9, '2016-05-27 05:00:00', 0),
(887, 6, 1564.9, '2016-05-28 05:00:00', 0),
(888, 6, 1569.9, '2016-05-23 05:00:00', 0),
(889, 6, 1575.9, '2016-05-24 05:00:00', 0),
(890, 6, 1580.9, '2016-05-25 05:00:00', 0),
(891, 6, 1589.9, '2016-05-26 05:00:00', 0),
(892, 6, 1595.9, '2016-05-27 05:00:00', 0),
(893, 6, 1604.9, '2016-05-28 05:00:00', 0),
(894, 6, 1613.9, '2016-05-23 05:00:00', 0),
(895, 6, 1618.9, '2016-05-24 05:00:00', 0),
(896, 6, 1624.9, '2016-05-25 05:00:00', 0),
(897, 6, 1629.9, '2016-05-26 05:00:00', 0),
(898, 6, 1635.9, '2016-05-27 05:00:00', 0),
(899, 6, 1641.9, '2016-05-28 05:00:00', 0),
(900, 6, 1650.9, '2016-05-23 05:00:00', 0),
(901, 6, 1658.9, '2016-05-24 05:00:00', 0),
(902, 6, 1664.9, '2016-05-25 05:00:00', 0),
(903, 6, 1672.9, '2016-05-26 05:00:00', 0),
(904, 6, 1679.9, '2016-05-27 05:00:00', 0),
(905, 6, 1686.9, '2016-05-28 05:00:00', 0),
(906, 8, 285.7, '2016-05-23 05:00:00', 0),
(907, 8, 287.7, '2016-05-24 05:00:00', 0),
(908, 8, 288.7, '2016-05-25 05:00:00', 0),
(909, 8, 289.7, '2016-05-26 05:00:00', 0),
(910, 8, 291.7, '2016-05-27 05:00:00', 0),
(911, 8, 293.7, '2016-05-28 05:00:00', 0),
(912, 8, 295.7, '2016-05-23 05:00:00', 0),
(913, 8, 297.7, '2016-05-24 05:00:00', 0),
(914, 8, 298.7, '2016-05-25 05:00:00', 0),
(915, 8, 299.7, '2016-05-26 05:00:00', 0),
(916, 8, 300.7, '2016-05-27 05:00:00', 0),
(917, 8, 302.7, '2016-05-28 05:00:00', 0),
(918, 8, 303.7, '2016-05-23 05:00:00', 0),
(919, 8, 305.7, '2016-05-24 05:00:00', 0),
(920, 8, 307.7, '2016-05-25 05:00:00', 0),
(921, 8, 308.7, '2016-05-26 05:00:00', 0),
(922, 8, 309.7, '2016-05-27 05:00:00', 0),
(923, 8, 311.7, '2016-05-28 05:00:00', 0),
(924, 8, 313.7, '2016-05-23 05:00:00', 0),
(925, 8, 315.7, '2016-05-24 05:00:00', 0),
(926, 8, 317.7, '2016-05-25 05:00:00', 0),
(927, 8, 318.7, '2016-05-26 05:00:00', 0),
(928, 8, 319.7, '2016-05-27 05:00:00', 0),
(929, 8, 320.7, '2016-05-28 05:00:00', 0),
(930, 8, 321.7, '2016-05-23 05:00:00', 0),
(931, 8, 322.7, '2016-05-24 05:00:00', 0),
(932, 8, 323.7, '2016-05-25 05:00:00', 0),
(933, 8, 325.7, '2016-05-26 05:00:00', 0),
(934, 8, 327.7, '2016-05-27 05:00:00', 0),
(935, 8, 328.7, '2016-05-28 05:00:00', 0),
(936, 8, 329.7, '2016-05-23 05:00:00', 0),
(937, 8, 331.7, '2016-05-24 05:00:00', 0),
(938, 8, 333.7, '2016-05-25 05:00:00', 0),
(939, 8, 335.7, '2016-05-26 05:00:00', 0),
(940, 8, 337.7, '2016-05-27 05:00:00', 0),
(941, 8, 339.7, '2016-05-28 05:00:00', 0),
(942, 8, 340.7, '2016-05-23 05:00:00', 0),
(943, 8, 342.7, '2016-05-24 05:00:00', 0),
(944, 8, 343.7, '2016-05-25 05:00:00', 0),
(945, 8, 344.7, '2016-05-26 05:00:00', 0),
(946, 8, 345.7, '2016-05-27 05:00:00', 0),
(947, 8, 346.7, '2016-05-28 05:00:00', 0),
(948, 8, 347.7, '2016-05-23 05:00:00', 0),
(949, 8, 349.7, '2016-05-24 05:00:00', 0),
(950, 8, 351.7, '2016-05-25 05:00:00', 0),
(951, 8, 353.7, '2016-05-26 05:00:00', 0),
(952, 8, 355.7, '2016-05-27 05:00:00', 0),
(953, 8, 356.7, '2016-05-28 05:00:00', 0),
(954, 8, 357.7, '2016-05-23 05:00:00', 0),
(955, 8, 358.7, '2016-05-24 05:00:00', 0),
(956, 8, 359.7, '2016-05-25 05:00:00', 0),
(957, 8, 361.7, '2016-05-26 05:00:00', 0),
(958, 8, 363.7, '2016-05-27 05:00:00', 0),
(959, 8, 365.7, '2016-05-28 05:00:00', 0),
(960, 8, 367.7, '2016-05-23 05:00:00', 0),
(961, 8, 369.7, '2016-05-24 05:00:00', 0),
(962, 8, 370.7, '2016-05-25 05:00:00', 0),
(963, 8, 371.7, '2016-05-26 05:00:00', 0),
(964, 8, 373.7, '2016-05-27 05:00:00', 0),
(965, 8, 375.7, '2016-05-28 05:00:00', 0),
(966, 7, 558.4, '2016-05-23 05:00:00', 0),
(967, 7, 560.4, '2016-05-24 05:00:00', 0),
(968, 7, 562.4, '2016-05-25 05:00:00', 0),
(969, 7, 564.4, '2016-05-26 05:00:00', 0),
(970, 7, 568.4, '2016-05-27 05:00:00', 0),
(971, 7, 572.4, '2016-05-28 05:00:00', 0),
(972, 7, 574.4, '2016-05-23 05:00:00', 0),
(973, 7, 578.4, '2016-05-24 05:00:00', 0),
(974, 7, 581.4, '2016-05-25 05:00:00', 0),
(975, 7, 584.4, '2016-05-26 05:00:00', 0),
(976, 7, 588.4, '2016-05-27 05:00:00', 0),
(977, 7, 591.4, '2016-05-28 05:00:00', 0),
(978, 7, 595.4, '2016-05-23 05:00:00', 0),
(979, 7, 598.4, '2016-05-24 05:00:00', 0),
(980, 7, 602.4, '2016-05-25 05:00:00', 0),
(981, 7, 605.4, '2016-05-26 05:00:00', 0),
(982, 7, 608.4, '2016-05-27 05:00:00', 0),
(983, 7, 610.4, '2016-05-28 05:00:00', 0),
(984, 7, 614.4, '2016-05-23 05:00:00', 0),
(985, 7, 616.4, '2016-05-24 05:00:00', 0),
(986, 7, 618.4, '2016-05-25 05:00:00', 0),
(987, 7, 620.4, '2016-05-26 05:00:00', 0),
(988, 7, 622.4, '2016-05-27 05:00:00', 0),
(989, 7, 625.4, '2016-05-28 05:00:00', 0),
(990, 7, 627.4, '2016-05-23 05:00:00', 0),
(991, 7, 630.4, '2016-05-24 05:00:00', 0),
(992, 7, 634.4, '2016-05-25 05:00:00', 0),
(993, 7, 637.4, '2016-05-26 05:00:00', 0),
(994, 7, 640.4, '2016-05-27 05:00:00', 0),
(995, 7, 644.4, '2016-05-28 05:00:00', 0),
(996, 7, 646.4, '2016-05-23 05:00:00', 0),
(997, 7, 648.4, '2016-05-24 05:00:00', 0),
(998, 7, 651.4, '2016-05-25 05:00:00', 0),
(999, 7, 654.4, '2016-05-26 05:00:00', 0),
(1000, 7, 658.4, '2016-05-27 05:00:00', 0),
(1001, 7, 662.4, '2016-05-28 05:00:00', 0),
(1002, 7, 665.4, '2016-05-23 05:00:00', 0),
(1003, 7, 669.4, '2016-05-24 05:00:00', 0),
(1004, 7, 672.4, '2016-05-25 05:00:00', 0),
(1005, 7, 674.4, '2016-05-26 05:00:00', 0),
(1006, 7, 677.4, '2016-05-27 05:00:00', 0),
(1007, 7, 680.4, '2016-05-28 05:00:00', 0),
(1008, 7, 682.4, '2016-05-23 05:00:00', 0),
(1009, 7, 686.4, '2016-05-24 05:00:00', 0),
(1010, 7, 689.4, '2016-05-25 05:00:00', 0),
(1011, 7, 691.4, '2016-05-26 05:00:00', 0),
(1012, 7, 694.4, '2016-05-27 05:00:00', 0),
(1013, 7, 696.4, '2016-05-28 05:00:00', 0),
(1014, 7, 698.4, '2016-05-23 05:00:00', 0),
(1015, 7, 702.4, '2016-05-24 05:00:00', 0),
(1016, 7, 706.4, '2016-05-25 05:00:00', 0),
(1017, 7, 708.4, '2016-05-26 05:00:00', 0),
(1018, 7, 710.4, '2016-05-27 05:00:00', 0),
(1019, 7, 713.4, '2016-05-28 05:00:00', 0),
(1020, 7, 715.4, '2016-05-23 05:00:00', 0),
(1021, 7, 718.4, '2016-05-24 05:00:00', 0),
(1022, 7, 721.4, '2016-05-25 05:00:00', 0),
(1023, 7, 725.4, '2016-05-26 05:00:00', 0),
(1024, 7, 729.4, '2016-05-27 05:00:00', 0),
(1025, 7, 731.4, '2016-05-28 05:00:00', 0),
(1026, 5, 1710.2, '2016-06-06 10:37:10', 0),
(1027, 5, 1693.1, '2016-06-06 10:38:17', 0),
(1028, 5, 1675, '2016-06-06 10:40:29', 0),
(1029, 5, 1655.8, '2016-06-06 10:41:13', 0),
(1030, 5, 1463.3, '2016-06-06 10:14:57', 0),
(1031, 5, 1267.8, '2016-06-06 10:17:56', 0),
(1032, 6, 1491.4, '2016-06-06 10:20:59', 0),
(1033, 6, 1299.2, '2016-06-06 10:22:48', 0),
(1034, 8, 290.2, '2016-06-06 10:33:57', 0),
(1035, 7, 558.9, '2016-06-06 10:35:33', 0),
(1036, 5, 1075.8, '2016-06-06 10:58:27', 0),
(1037, 5, 880.8, '2016-06-06 10:59:31', 0),
(1038, 6, 1103.9, '2016-06-06 11:00:30', 0),
(1039, 6, 911.2, '2016-06-06 11:01:56', 0),
(1040, 8, 207.9, '2016-06-06 11:03:00', 0),
(1041, 7, 384.4, '2016-06-06 11:03:58', 0),
(1042, 5, 686.6, '2016-06-06 11:17:45', 0),
(1043, 5, 492.2, '2016-06-06 11:19:21', 0),
(1044, 6, 712.9, '2016-06-06 11:21:39', 0),
(1045, 6, 518.7, '2016-06-06 11:22:50', 0),
(1046, 8, 123.8, '2016-06-06 11:24:33', 0),
(1047, 7, 211.3, '2016-06-06 11:26:35', 0),
(1048, 5, 297.9, '2016-06-06 11:28:46', 0),
(1049, 5, 107.8, '2016-06-06 11:30:11', 0),
(1050, 6, 328.4, '2016-06-06 11:31:22', 0),
(1051, 6, 137.8, '2016-06-06 11:32:29', 0),
(1052, 8, 43.4, '2016-06-06 11:51:38', 0),
(1053, 7, 41, '2016-06-06 11:53:45', 0),
(1054, 5, 27.5, '2016-06-09 14:51:49', 0),
(1055, 8, 7.2, '2016-06-09 14:58:31', 0),
(1056, 7, 10.3, '2016-06-09 15:20:53', 1),
(1057, 6, 39.6, '2016-06-09 15:25:33', 0),
(1058, 5, 37.5, '2016-06-21 09:34:07', 0),
(1059, 6, 36.6, '2016-07-11 15:22:30', 0),
(1060, 6, 39.6, '2016-07-12 16:30:59', 1),
(1061, 5, 49.5, '2016-10-17 14:56:51', 0),
(1062, 5, 149.5, '2016-10-17 14:57:26', 0),
(1063, 5, 29.5, '2016-10-17 14:58:20', 0),
(1064, 5, 59.5, '2016-10-23 06:49:53', 1),
(1065, 8, 51.2, '2016-10-23 06:49:53', 0),
(1066, 8, 6.8, '2016-10-23 06:51:26', 1),
(1067, 9, 19, '2017-03-01 08:18:53', 0),
(1068, 9, 14, '2017-03-01 08:19:59', 1);

-- --------------------------------------------------------

--
-- Table structure for table `tipousuario`
--

CREATE TABLE IF NOT EXISTS `tipousuario` (
  `id_tipousuario` int(11) NOT NULL AUTO_INCREMENT,
  `nombre` varchar(100) CHARACTER SET utf8 COLLATE utf8_spanish2_ci NOT NULL,
  `descripcion` varchar(100) CHARACTER SET utf8 COLLATE utf8_spanish2_ci NOT NULL,
  `fecha_registro` timestamp NOT NULL DEFAULT CURRENT_TIMESTAMP ON UPDATE CURRENT_TIMESTAMP,
  `estado` int(11) NOT NULL,
  PRIMARY KEY (`id_tipousuario`)
) ENGINE=MyISAM  DEFAULT CHARSET=utf8 AUTO_INCREMENT=4 ;

--
-- Dumping data for table `tipousuario`
--

INSERT INTO `tipousuario` (`id_tipousuario`, `nombre`, `descripcion`, `fecha_registro`, `estado`) VALUES
(1, 'ADMINISTRADOR', 'ADMINISTRADOR', '2016-05-10 15:51:57', 1),
(2, 'COMPRAS', 'COMPRAS', '2016-05-10 18:59:41', 1),
(3, 'VENTAS', 'VENTAS', '2016-05-10 18:59:41', 1);

-- --------------------------------------------------------

--
-- Table structure for table `unidad`
--

CREATE TABLE IF NOT EXISTS `unidad` (
  `id_unidad` int(11) NOT NULL AUTO_INCREMENT,
  `nombre` varchar(100) NOT NULL,
  `descripcion` varchar(500) DEFAULT NULL,
  `fecha_registro` timestamp NOT NULL DEFAULT CURRENT_TIMESTAMP,
  `estado` int(11) NOT NULL DEFAULT '1',
  PRIMARY KEY (`id_unidad`)
) ENGINE=MyISAM  DEFAULT CHARSET=utf8 AUTO_INCREMENT=4 ;

--
-- Dumping data for table `unidad`
--

INSERT INTO `unidad` (`id_unidad`, `nombre`, `descripcion`, `fecha_registro`, `estado`) VALUES
(1, 'TONELADAS', '', '2016-05-02 15:20:10', 1),
(2, 'CAJAS x 12', '12', '2017-03-01 08:17:07', 1),
(3, 'cajas x 24', '24', '2017-03-01 08:17:18', 1);

-- --------------------------------------------------------

--
-- Table structure for table `usuario`
--

CREATE TABLE IF NOT EXISTS `usuario` (
  `id_usuario` int(11) NOT NULL AUTO_INCREMENT,
  `id_colaborador` int(11) NOT NULL,
  `id_tipousuario` int(11) NOT NULL,
  `usuario` varchar(100) NOT NULL,
  `contrasena` varchar(100) NOT NULL,
  `fecha_registro` datetime NOT NULL,
  `estado` int(11) NOT NULL,
  PRIMARY KEY (`id_usuario`)
) ENGINE=MyISAM  DEFAULT CHARSET=utf8 AUTO_INCREMENT=7 ;

--
-- Dumping data for table `usuario`
--

INSERT INTO `usuario` (`id_usuario`, `id_colaborador`, `id_tipousuario`, `usuario`, `contrasena`, `fecha_registro`, `estado`) VALUES
(3, 3, 3, 'smith', 'smith', '0000-00-00 00:00:00', 1),
(2, 2, 2, 'liset', 'liset', '0000-00-00 00:00:00', 1),
(1, 1, 1, 'admin', 'admin123', '2016-05-10 10:52:56', 1),
(4, 4, 3, 'daniela', 'bautista16', '0000-00-00 00:00:00', 1),
(5, 5, 2, 'lourdes', 'huarcaya16', '0000-00-00 00:00:00', 1),
(6, 6, 1, 'joseluis', 'rodas', '0000-00-00 00:00:00', 1);

/*!40101 SET CHARACTER_SET_CLIENT=@OLD_CHARACTER_SET_CLIENT */;
/*!40101 SET CHARACTER_SET_RESULTS=@OLD_CHARACTER_SET_RESULTS */;
/*!40101 SET COLLATION_CONNECTION=@OLD_COLLATION_CONNECTION */;
